"gene_symbol","gs_name","p.value","PVALUE_MLOG"
"KRT18P48","Type 2 diabetes","8e-106",105.096910013008
"DUSP9","Type 2 diabetes","8e-106",105.096910013008
"CDKAL1","Type 2 diabetes","5e-215",214.301029995664
"SND1","Type 2 diabetes","5e-105",104.301029995664
"MIR129","Type 2 diabetes","5e-105",104.301029995664
"1","Type 2 diabetes","5e-105",104.301029995664
"SLC30A8","Type 2 diabetes","4e-136",135.397940008672
"PAX4","Type 2 diabetes","3e-132",131.52287874528
"KCNQ1","Type 2 diabetes","2e-245",244.698970004336
"IGF2BP2","Type 2 diabetes","2e-169",168.698970004336
"CDKN2B","Type 2 diabetes","1e-205",205
"AS1","Type 2 diabetes","1e-205",205
"DMRTA1","Type 2 diabetes","1e-205",205
"FTO","Type 2 diabetes","1e-189",189
"HHEX","Type 2 diabetes","1e-128",128
"Y_RNA","Type 2 diabetes","1e-128",128
"HNF1B","Type 2 diabetes"," 9e-67",66.0457574905607
"ZNF800","Type 2 diabetes"," 9e-47",46.0457574905607
"CTBP1","Type 2 diabetes"," 9e-42",41.0457574905607
"DT","Type 2 diabetes"," 9e-42",41.0457574905607
"ATXN7","Type 2 diabetes"," 9e-32",31.0457574905607
"CEP68","Type 2 diabetes"," 9e-26",25.0457574905607
"CIR1P3","Type 2 diabetes"," 9e-25",24.0457574905607
"CAT","Type 2 diabetes"," 9e-25",24.0457574905607
"DRAIC","Type 2 diabetes"," 9e-24",23.0457574905607
"SLC16A11","Type 2 diabetes"," 9e-24",23.0457574905607
"CLEC10A","Type 2 diabetes"," 9e-24",23.0457574905607
"HJV","Type 2 diabetes"," 9e-22",21.0457574905607
"RNVU1","Type 2 diabetes"," 9e-22",21.0457574905607
"6","Type 2 diabetes"," 9e-22",21.0457574905607
"NCAM1","Type 2 diabetes"," 9e-22",21.0457574905607
"RASGRP1","Type 2 diabetes"," 9e-22",21.0457574905607
"RN7SKP19","Type 2 diabetes"," 9e-21",20.0457574905607
"LINC01360","Type 2 diabetes"," 9e-21",20.0457574905607
"GCKR","Type 2 diabetes"," 9e-20",19.0457574905607
"C2orf16","Type 2 diabetes"," 9e-20",19.0457574905607
"RPL12P33","Type 2 diabetes"," 9e-20",19.0457574905607
"HNF1A","Type 2 diabetes"," 9e-20",19.0457574905607
"ACSL1","Type 2 diabetes"," 9e-20",19.0457574905607
"CLEC14A","Type 2 diabetes"," 9e-18",17.0457574905607
"GIPR","Type 2 diabetes"," 9e-17",16.0457574905607
"ZBTB38","Type 2 diabetes"," 9e-16",15.0457574905607
"CDKN2C","Type 2 diabetes"," 9e-16",15.0457574905607
"DGAT1","Type 2 diabetes"," 9e-15",14.0457574905607
"COPB1","Type 2 diabetes"," 9e-15",14.0457574905607
"BOP1","Type 2 diabetes"," 9e-14",13.0457574905607
"MEG3","Type 2 diabetes"," 9e-14",13.0457574905607
"NUP160","Type 2 diabetes"," 9e-14",13.0457574905607
"GATAD2A","Type 2 diabetes"," 9e-13",12.0457574905607
"NDUFS6P1","Type 2 diabetes"," 9e-13",12.0457574905607
"ENPP3","Type 2 diabetes"," 9e-12",11.0457574905607
"FBXL13","Type 2 diabetes"," 9e-12",11.0457574905607
"FMO5","Type 2 diabetes"," 9e-12",11.0457574905607
"HSPA8P5","Type 2 diabetes"," 9e-11",10.0457574905607
"CCND2","Type 2 diabetes"," 9e-11",10.0457574905607
"DNMT3A","Type 2 diabetes"," 9e-11",10.0457574905607
"MIR514A3","Type 2 diabetes"," 9e-11",10.0457574905607
"SLIRPP1","Type 2 diabetes"," 9e-11",10.0457574905607
"SPHKAP","Type 2 diabetes"," 9e-11",10.0457574905607
"LINC02838","Type 2 diabetes"," 9e-11",10.0457574905607
"PTPRD","Type 2 diabetes"," 9e-10",9.04575749056067
"RREB1","Type 2 diabetes"," 9e-10",9.04575749056067
"SSR1","Type 2 diabetes"," 9e-10",9.04575749056067
"ATP2A3","Type 2 diabetes"," 9e-10",9.04575749056067
"LINC01427","Type 2 diabetes"," 9e-10",9.04575749056067
"LINC00261","Type 2 diabetes"," 9e-10",9.04575749056067
"PPIAP39","Type 2 diabetes"," 9e-10",9.04575749056067
"HABP2","Type 2 diabetes"," 9e-10",9.04575749056067
"STK11","Type 2 diabetes"," 9e-10",9.04575749056067
"RAMP2","Type 2 diabetes"," 9e-09",8.04575749056068
"KPNA3","Type 2 diabetes"," 9e-09",8.04575749056068
"RNY4P30","Type 2 diabetes"," 9e-09",8.04575749056068
"SIDT1","Type 2 diabetes"," 9e-09",8.04575749056068
"SUMF1","Type 2 diabetes"," 9e-09",8.04575749056068
"ADRB1","Type 2 diabetes"," 9e-09",8.04575749056068
"RNU6","Type 2 diabetes"," 9e-09",8.04575749056068
"709P","Type 2 diabetes"," 9e-09",8.04575749056068
"LARP1B","Type 2 diabetes"," 9e-09",8.04575749056068
"KCNK17","Type 2 diabetes"," 9e-09",8.04575749056068
"KCNJ12","Type 2 diabetes"," 9e-09",8.04575749056068
"WDR82P2","Type 2 diabetes"," 9e-09",8.04575749056068
"HSP90B3P","Type 2 diabetes"," 9e-09",8.04575749056068
"RASA1","Type 2 diabetes"," 9e-09",8.04575749056068
"INKA2","Type 2 diabetes"," 9e-09",8.04575749056068
"1151P","Type 2 diabetes"," 9e-09",8.04575749056068
"526P","Type 2 diabetes"," 9e-09",8.04575749056068
"HORMAD2","Type 2 diabetes"," 9e-09",8.04575749056068
"IRS2","Type 2 diabetes"," 9e-08",7.04575749056068
"APOC1","Type 2 diabetes"," 9e-08",7.04575749056068
"APOC1P1","Type 2 diabetes"," 9e-08",7.04575749056068
"LINC01877","Type 2 diabetes"," 9e-07",6.04575749056068
"FTCDNL1","Type 2 diabetes"," 9e-07",6.04575749056068
"KDM2B","Type 2 diabetes"," 9e-07",6.04575749056068
"MTND5P17","Type 2 diabetes"," 9e-07",6.04575749056068
"RNU11","Type 2 diabetes"," 9e-07",6.04575749056068
"5P","Type 2 diabetes"," 9e-07",6.04575749056068
"PRKD1","Type 2 diabetes"," 9e-07",6.04575749056068
"SDK1","Type 2 diabetes"," 9e-07",6.04575749056068
"MARCHF1","Type 2 diabetes"," 9e-06",5.04575749056068
"LPIN2","Type 2 diabetes"," 9e-06",5.04575749056068
"ACP7","Type 2 diabetes"," 9e-06",5.04575749056068
"PLS1","Type 2 diabetes"," 9e-06",5.04575749056068
"LGMNP1","Type 2 diabetes"," 9e-06",5.04575749056068
"LINC02461","Type 2 diabetes"," 9e-06",5.04575749056068
"COMMD7","Type 2 diabetes"," 9e-06",5.04575749056068
"WT1","Type 2 diabetes"," 9e-06",5.04575749056068
"AS","Type 2 diabetes"," 9e-06",5.04575749056068
"CPA6","Type 2 diabetes"," 9e-06",5.04575749056068
"EYS","Type 2 diabetes"," 9e-06",5.04575749056068
"SH2B2","Type 2 diabetes"," 9e-06",5.04575749056068
"NKX6","Type 2 diabetes"," 8e-79",78.0969100130081
"3","Type 2 diabetes"," 8e-79",78.0969100130081
"ANK1","Type 2 diabetes"," 8e-79",78.0969100130081
"RPL26P19","Type 2 diabetes"," 8e-66",65.0969100130081
"C5orf67","Type 2 diabetes"," 8e-66",65.0969100130081
"RPS3AP49","Type 2 diabetes"," 8e-34",33.0969100130081
"RNU4","Type 2 diabetes"," 8e-34",33.0969100130081
"17P","Type 2 diabetes"," 8e-34",33.0969100130081
"ABO","Type 2 diabetes"," 8e-27",26.0969100130081
"KRT18P24","Type 2 diabetes"," 8e-25",24.0969100130081
"CHCHD2P9","Type 2 diabetes"," 8e-25",24.0969100130081
"CCND1","Type 2 diabetes"," 8e-25",24.0969100130081
"EBF2","Type 2 diabetes"," 8e-23",22.0969100130081
"SYCE2","Type 2 diabetes"," 8e-23",22.0969100130081
"GCDH","Type 2 diabetes"," 8e-23",22.0969100130081
"CEBPB","Type 2 diabetes"," 8e-22",21.0969100130081
"PELATON","Type 2 diabetes"," 8e-22",21.0969100130081
"PEPD","Type 2 diabetes"," 8e-22",21.0969100130081
"SEC14L1","Type 2 diabetes"," 8e-21",20.0969100130081
"SEPTIN9","Type 2 diabetes"," 8e-21",20.0969100130081
"LINC01741","Type 2 diabetes"," 8e-19",18.0969100130081
"SEC16B","Type 2 diabetes"," 8e-19",18.0969100130081
"ZC3H4","Type 2 diabetes"," 8e-18",17.0969100130081
"CCDC92","Type 2 diabetes"," 8e-18",17.0969100130081
"DOCK11","Type 2 diabetes"," 8e-17",16.0969100130081
"IL13RA1","Type 2 diabetes"," 8e-17",16.0969100130081
"MBNL1","Type 2 diabetes"," 8e-16",15.0969100130081
"FRAT1","Type 2 diabetes"," 8e-16",15.0969100130081
"FRAT2","Type 2 diabetes"," 8e-16",15.0969100130081
"ZBTB20","Type 2 diabetes"," 8e-14",13.0969100130081
"EIF4E2P2","Type 2 diabetes"," 8e-14",13.0969100130081
"TRIM59","Type 2 diabetes"," 8e-14",13.0969100130081
"MAP2K7","Type 2 diabetes"," 8e-13",12.0969100130081
"SLC16A13","Type 2 diabetes"," 8e-13",12.0969100130081
"IPO9","Type 2 diabetes"," 8e-12",11.0969100130081
"ZNRF3","Type 2 diabetes"," 8e-12",11.0969100130081
"ITGA1","Type 2 diabetes"," 8e-11",10.0969100130081
"PSMD6","Type 2 diabetes"," 8e-11",10.0969100130081
"PRICKLE2","Type 2 diabetes"," 8e-11",10.0969100130081
"H19","Type 2 diabetes"," 8e-11",10.0969100130081
"IGF2","Type 2 diabetes"," 8e-11",10.0969100130081
"RN7SKP17","Type 2 diabetes"," 8e-11",10.0969100130081
"LINC01629","Type 2 diabetes"," 8e-11",10.0969100130081
"RPL13","Type 2 diabetes"," 8e-11",10.0969100130081
"BMF","Type 2 diabetes"," 8e-11",10.0969100130081
"NPC2","Type 2 diabetes"," 8e-11",10.0969100130081
"ATP5MGP5","Type 2 diabetes"," 8e-10",9.09691001300806
"P2RY1","Type 2 diabetes"," 8e-10",9.09691001300806
"LINC00926","Type 2 diabetes"," 8e-10",9.09691001300806
"LINC01413","Type 2 diabetes"," 8e-10",9.09691001300806
"MAD1L1","Type 2 diabetes"," 8e-10",9.09691001300806
"PTPRQ","Type 2 diabetes"," 8e-10",9.09691001300806
"EP300","Type 2 diabetes"," 8e-10",9.09691001300806
"L3MBTL2","Type 2 diabetes"," 8e-10",9.09691001300806
"CCHCR1","Type 2 diabetes"," 8e-10",9.09691001300806
"PCSK1","Type 2 diabetes"," 8e-10",9.09691001300806
"CAST","Type 2 diabetes"," 8e-10",9.09691001300806
"EPB41L4B","Type 2 diabetes"," 8e-10",9.09691001300806
"FSCN3","Type 2 diabetes"," 8e-10",9.09691001300806
"TSBP1","Type 2 diabetes"," 8e-09",8.09691001300806
"PARP8","Type 2 diabetes"," 8e-09",8.09691001300806
"RN7SL117P","Type 2 diabetes"," 8e-09",8.09691001300806
"RNA5SP87","Type 2 diabetes"," 8e-09",8.09691001300806
"MPHOSPH9","Type 2 diabetes"," 8e-09",8.09691001300806
"SUMO2","Type 2 diabetes"," 8e-09",8.09691001300806
"NUP85","Type 2 diabetes"," 8e-09",8.09691001300806
"CALCR","Type 2 diabetes"," 8e-09",8.09691001300806
"SIAH3","Type 2 diabetes"," 8e-09",8.09691001300806
"ZC3H13","Type 2 diabetes"," 8e-09",8.09691001300806
"ZNF654","Type 2 diabetes"," 8e-09",8.09691001300806
"CGGBP1","Type 2 diabetes"," 8e-09",8.09691001300806
"VPS53","Type 2 diabetes"," 8e-09",8.09691001300806
"SETBP1","Type 2 diabetes"," 8e-09",8.09691001300806
"REEP3","Type 2 diabetes"," 8e-09",8.09691001300806
"BANP","Type 2 diabetes"," 8e-09",8.09691001300806
"LINC02182","Type 2 diabetes"," 8e-09",8.09691001300806
"ETS1","Type 2 diabetes"," 8e-09",8.09691001300806
"DOCK4","Type 2 diabetes"," 8e-08",7.09691001300806
"MASP1","Type 2 diabetes"," 8e-07",6.09691001300806
"LINC02030","Type 2 diabetes"," 8e-07",6.09691001300806
"OCA2","Type 2 diabetes"," 8e-07",6.09691001300806
"RN7SL283P","Type 2 diabetes"," 8e-07",6.09691001300806
"LINC01853","Type 2 diabetes"," 8e-07",6.09691001300806
"LINC02032","Type 2 diabetes"," 8e-07",6.09691001300806
"HNRNPA1P20","Type 2 diabetes"," 8e-07",6.09691001300806
"SNX29","Type 2 diabetes"," 8e-06",5.09691001300806
"CPPED1","Type 2 diabetes"," 8e-06",5.09691001300806
"TMEM271","Type 2 diabetes"," 8e-06",5.09691001300806
"PDE6B","Type 2 diabetes"," 8e-06",5.09691001300806
"CCDC68","Type 2 diabetes"," 8e-06",5.09691001300806
"HOOK2","Type 2 diabetes"," 8e-06",5.09691001300806
"RTBDN","Type 2 diabetes"," 8e-06",5.09691001300806
"ZNF229","Type 2 diabetes"," 8e-06",5.09691001300806
"LYPLAL1","Type 2 diabetes"," 8e-06",5.09691001300806
"KIF9","Type 2 diabetes"," 8e-06",5.09691001300806
"LINC00523","Type 2 diabetes"," 8e-06",5.09691001300806
"DLK1","Type 2 diabetes"," 8e-06",5.09691001300806
"MIR876","Type 2 diabetes"," 8e-06",5.09691001300806
"TCAF2","Type 2 diabetes"," 8e-06",5.09691001300806
"267P","Type 2 diabetes"," 8e-06",5.09691001300806
"ANO4","Type 2 diabetes"," 8e-06",5.09691001300806
"AP3B1","Type 2 diabetes"," 8e-06",5.09691001300806
"CDC123","Type 2 diabetes"," 7e-78",77.1549019599858
"RN7SL198P","Type 2 diabetes"," 7e-78",77.1549019599858
"COBLL1","Type 2 diabetes"," 7e-44",43.1549019599857
"HLA","Type 2 diabetes"," 7e-33",32.1549019599857
"DQA2","Type 2 diabetes"," 7e-33",32.1549019599857
"NPM1P47","Type 2 diabetes"," 7e-33",32.1549019599857
"C2CD4B","Type 2 diabetes"," 7e-33",32.1549019599857
"GLIS3","Type 2 diabetes"," 7e-31",30.1549019599857
"HMGA2","Type 2 diabetes"," 7e-29",28.1549019599857
"LINC02245","Type 2 diabetes"," 7e-28",27.1549019599857
"LINC02576","Type 2 diabetes"," 7e-28",27.1549019599857
"DGKB","Type 2 diabetes"," 7e-23",22.1549019599857
"C4orf50","Type 2 diabetes"," 7e-23",22.1549019599857
"JAKMIP1","Type 2 diabetes"," 7e-23",22.1549019599857
"RPL21P17","Type 2 diabetes"," 7e-23",22.1549019599857
"RN7SKP144","Type 2 diabetes"," 7e-23",22.1549019599857
"RNF166","Type 2 diabetes"," 7e-23",22.1549019599857
"GAPDHP53","Type 2 diabetes"," 7e-23",22.1549019599857
"SYNDIG1","Type 2 diabetes"," 7e-23",22.1549019599857
"ZNF43","Type 2 diabetes"," 7e-23",22.1549019599857
"ZNF208","Type 2 diabetes"," 7e-23",22.1549019599857
"ALMS1","Type 2 diabetes"," 7e-22",21.1549019599857
"SPP2","Type 2 diabetes"," 7e-22",21.1549019599857
"RPS20P12","Type 2 diabetes"," 7e-22",21.1549019599857
"FRMD4A","Type 2 diabetes"," 7e-22",21.1549019599857
"POT1","Type 2 diabetes"," 7e-21",20.1549019599857
"GRM8","Type 2 diabetes"," 7e-21",20.1549019599857
"DNAH1","Type 2 diabetes"," 7e-21",20.1549019599857
"KSR2","Type 2 diabetes"," 7e-21",20.1549019599857
"POU5F1","Type 2 diabetes"," 7e-20",19.1549019599857
"HCG27","Type 2 diabetes"," 7e-20",19.1549019599857
"GMCL2","Type 2 diabetes"," 7e-19",18.1549019599857
"HNRNPAB","Type 2 diabetes"," 7e-19",18.1549019599857
"RNF121","Type 2 diabetes"," 7e-19",18.1549019599857
"CGNL1","Type 2 diabetes"," 7e-19",18.1549019599857
"TSPAN8","Type 2 diabetes"," 7e-19",18.1549019599857
"TMEM256P1","Type 2 diabetes"," 7e-18",17.1549019599857
"NEUROG3","Type 2 diabetes"," 7e-18",17.1549019599857
"SMIM29","Type 2 diabetes"," 7e-17",16.1549019599857
"TENT5C","Type 2 diabetes"," 7e-17",16.1549019599857
"RPS4XP9","Type 2 diabetes"," 7e-16",15.1549019599857
"RSPO3","Type 2 diabetes"," 7e-16",15.1549019599857
"PRIM1","Type 2 diabetes"," 7e-15",14.1549019599857
"HSD17B6","Type 2 diabetes"," 7e-15",14.1549019599857
"SCHLAP1","Type 2 diabetes"," 7e-15",14.1549019599857
"SPPL3","Type 2 diabetes"," 7e-15",14.1549019599857
"FAIM2","Type 2 diabetes"," 7e-14",13.1549019599857
"RBMS1","Type 2 diabetes"," 7e-14",13.1549019599857
"QSER1","Type 2 diabetes"," 7e-14",13.1549019599857
"LINC01991","Type 2 diabetes"," 7e-13",12.1549019599857
"PTEN","Type 2 diabetes"," 7e-13",12.1549019599857
"DCUN1D4","Type 2 diabetes"," 7e-13",12.1549019599857
"LRRC66","Type 2 diabetes"," 7e-13",12.1549019599857
"RFLNA","Type 2 diabetes"," 7e-13",12.1549019599857
"FGFR4","Type 2 diabetes"," 7e-12",11.1549019599857
"ERN1","Type 2 diabetes"," 7e-12",11.1549019599857
"H3P29","Type 2 diabetes"," 7e-12",11.1549019599857
"LINC01230","Type 2 diabetes"," 7e-12",11.1549019599857
"PKLR","Type 2 diabetes"," 7e-12",11.1549019599857
"CWH43","Type 2 diabetes"," 7e-12",11.1549019599857
"EGFEM1P","Type 2 diabetes"," 7e-12",11.1549019599857
"NME9","Type 2 diabetes"," 7e-12",11.1549019599857
"MRAS","Type 2 diabetes"," 7e-12",11.1549019599857
"FGF23","Type 2 diabetes"," 7e-11",10.1549019599857
"FGF6","Type 2 diabetes"," 7e-11",10.1549019599857
"JARID2","Type 2 diabetes"," 7e-11",10.1549019599857
"PDCD4","Type 2 diabetes"," 7e-11",10.1549019599857
"MYBL2","Type 2 diabetes"," 7e-11",10.1549019599857
"RPL31P12","Type 2 diabetes"," 7e-11",10.1549019599857
"DOB","Type 2 diabetes"," 7e-11",10.1549019599857
"TRAP1","Type 2 diabetes"," 7e-10",9.15490195998574
"DNASE1","Type 2 diabetes"," 7e-10",9.15490195998574
"CFAP44","Type 2 diabetes"," 7e-10",9.15490195998574
"BIN3","Type 2 diabetes"," 7e-10",9.15490195998574
"TRIM63","Type 2 diabetes"," 7e-10",9.15490195998574
"PDIK1L","Type 2 diabetes"," 7e-10",9.15490195998574
"PDXDC1","Type 2 diabetes"," 7e-10",9.15490195998574
"FIGNL1","Type 2 diabetes"," 7e-10",9.15490195998574
"DDC","Type 2 diabetes"," 7e-10",9.15490195998574
"COLGALT2","Type 2 diabetes"," 7e-10",9.15490195998574
"TSEN15","Type 2 diabetes"," 7e-10",9.15490195998574
"CDKL2","Type 2 diabetes"," 7e-10",9.15490195998574
"CRYZL2P","Type 2 diabetes"," 7e-10",9.15490195998574
"PDILT","Type 2 diabetes"," 7e-10",9.15490195998574
"EVI2B","Type 2 diabetes"," 7e-10",9.15490195998574
"NF1","Type 2 diabetes"," 7e-10",9.15490195998574
"EIF2S2P7","Type 2 diabetes"," 7e-10",9.15490195998574
"GRK5","Type 2 diabetes"," 7e-09",8.15490195998574
"FGFR3P1","Type 2 diabetes"," 7e-09",8.15490195998574
"ZDHHC20P2","Type 2 diabetes"," 7e-09",8.15490195998574
"NECTIN2","Type 2 diabetes"," 7e-09",8.15490195998574
"LPL","Type 2 diabetes"," 7e-09",8.15490195998574
"ZRANB3","Type 2 diabetes"," 7e-09",8.15490195998574
"PPP3CA","Type 2 diabetes"," 7e-09",8.15490195998574
"TRIM51DP","Type 2 diabetes"," 7e-09",8.15490195998574
"OR4A1P","Type 2 diabetes"," 7e-09",8.15490195998574
"U3","Type 2 diabetes"," 7e-09",8.15490195998574
"COX5BP8","Type 2 diabetes"," 7e-09",8.15490195998574
"SOAT1","Type 2 diabetes"," 7e-09",8.15490195998574
"TAT","Type 2 diabetes"," 7e-09",8.15490195998574
"MARVELD3","Type 2 diabetes"," 7e-09",8.15490195998574
"CCM2","Type 2 diabetes"," 7e-09",8.15490195998574
"NACAD","Type 2 diabetes"," 7e-09",8.15490195998574
"LINC02060","Type 2 diabetes"," 7e-09",8.15490195998574
"TMEM161B","Type 2 diabetes"," 7e-09",8.15490195998574
"SRP54","Type 2 diabetes"," 7e-09",8.15490195998574
"MERTK","Type 2 diabetes"," 7e-09",8.15490195998574
"TMEM87B","Type 2 diabetes"," 7e-09",8.15490195998574
"ARPP21","Type 2 diabetes"," 7e-09",8.15490195998574
"TMEM163","Type 2 diabetes"," 7e-08",7.15490195998574
"CCNT2","Type 2 diabetes"," 7e-08",7.15490195998574
"DNER","Type 2 diabetes"," 7e-08",7.15490195998574
"C1GALT1","Type 2 diabetes"," 7e-08",7.15490195998574
"LINC01339","Type 2 diabetes"," 7e-07",6.15490195998574
"HIGD1C","Type 2 diabetes"," 7e-06",5.15490195998574
"KIF11","Type 2 diabetes"," 7e-06",5.15490195998574
"PEX5L","Type 2 diabetes"," 7e-06",5.15490195998574
"CR2","Type 2 diabetes"," 7e-06",5.15490195998574
"RPL5P16","Type 2 diabetes"," 7e-06",5.15490195998574
"TMCC1","Type 2 diabetes"," 7e-06",5.15490195998574
"RPL17P41","Type 2 diabetes"," 7e-06",5.15490195998574
"BPTF","Type 2 diabetes"," 7e-06",5.15490195998574
"PHLPP1","Type 2 diabetes"," 7e-06",5.15490195998574
"739P","Type 2 diabetes"," 7e-06",5.15490195998574
"PSMC2","Type 2 diabetes"," 7e-06",5.15490195998574
"FOXB1","Type 2 diabetes"," 7e-06",5.15490195998574
"TMEM175","Type 2 diabetes"," 7e-06",5.15490195998574
"SPTB","Type 2 diabetes"," 7e-06",5.15490195998574
"VTI1A","Type 2 diabetes"," 7e-06",5.15490195998574
"DEPDC1","Type 2 diabetes"," 7e-06",5.15490195998574
"WFS1","Type 2 diabetes"," 6e-70",69.2218487496164
"PPP2R2C","Type 2 diabetes"," 6e-70",69.2218487496164
"GPSM1","Type 2 diabetes"," 6e-68",67.2218487496164
"GTF3AP5","Type 2 diabetes"," 6e-48",47.2218487496164
"ZFP1","Type 2 diabetes"," 6e-38",37.2218487496164
"CTRB2","Type 2 diabetes"," 6e-38",37.2218487496164
"PPIP5K2","Type 2 diabetes"," 6e-37",36.2218487496164
"MACIR","Type 2 diabetes"," 6e-37",36.2218487496164
"AGPAT1","Type 2 diabetes"," 6e-27",26.2218487496164
"PPT2","Type 2 diabetes"," 6e-27",26.2218487496164
"EGFL8","Type 2 diabetes"," 6e-27",26.2218487496164
"PDE1C","Type 2 diabetes"," 6e-24",23.2218487496164
"OASL","Type 2 diabetes"," 6e-24",23.2218487496164
"TFAP2B","Type 2 diabetes"," 6e-24",23.2218487496164
"DQB1","Type 2 diabetes"," 6e-24",23.2218487496164
"MTCO3P1","Type 2 diabetes"," 6e-24",23.2218487496164
"TGFB1","Type 2 diabetes"," 6e-23",22.2218487496164
"IQCJ","Type 2 diabetes"," 6e-23",22.2218487496164
"SCHIP1","Type 2 diabetes"," 6e-23",22.2218487496164
"KRT8P25","Type 2 diabetes"," 6e-23",22.2218487496164
"APOOP2","Type 2 diabetes"," 6e-23",22.2218487496164
"TMEM132B","Type 2 diabetes"," 6e-23",22.2218487496164
"RNF138","Type 2 diabetes"," 6e-23",22.2218487496164
"DDX6P2","Type 2 diabetes"," 6e-22",21.2218487496164
"TXNL1P1","Type 2 diabetes"," 6e-22",21.2218487496164
"G","Type 2 diabetes"," 6e-21",20.2218487496164
"HCP5B","Type 2 diabetes"," 6e-21",20.2218487496164
"LINC01122","Type 2 diabetes"," 6e-21",20.2218487496164
"PLEKHA1","Type 2 diabetes"," 6e-21",20.2218487496164
"ARMS2","Type 2 diabetes"," 6e-21",20.2218487496164
"PPIAP65","Type 2 diabetes"," 6e-19",18.2218487496164
"LINC02572","Type 2 diabetes"," 6e-19",18.2218487496164
"XRCC6P1","Type 2 diabetes"," 6e-19",18.2218487496164
"RPL17P34","Type 2 diabetes"," 6e-19",18.2218487496164
"EYA2","Type 2 diabetes"," 6e-19",18.2218487496164
"RPL35AP3","Type 2 diabetes"," 6e-18",17.2218487496164
"MTRFR","Type 2 diabetes"," 6e-17",16.2218487496164
"CDK2AP1","Type 2 diabetes"," 6e-17",16.2218487496164
"LINC01101","Type 2 diabetes"," 6e-16",15.2218487496164
"GGNBP1","Type 2 diabetes"," 6e-15",14.2218487496164
"INS","Type 2 diabetes"," 6e-14",13.2218487496164
"NFKBIL1","Type 2 diabetes"," 6e-14",13.2218487496164
"MTMR3","Type 2 diabetes"," 6e-13",12.2218487496164
"LAMA1","Type 2 diabetes"," 6e-13",12.2218487496164
"ZNF646P1","Type 2 diabetes"," 6e-13",12.2218487496164
"LINC00558","Type 2 diabetes"," 6e-13",12.2218487496164
"COMMD4","Type 2 diabetes"," 6e-13",12.2218487496164
"ZNF236","Type 2 diabetes"," 6e-13",12.2218487496164
"ZBTB46","Type 2 diabetes"," 6e-13",12.2218487496164
"STAG1","Type 2 diabetes"," 6e-13",12.2218487496164
"CPQ","Type 2 diabetes"," 6e-13",12.2218487496164
"ZNF257","Type 2 diabetes"," 6e-12",11.2218487496164
"LINC01605","Type 2 diabetes"," 6e-12",11.2218487496164
"ADCY5","Type 2 diabetes"," 6e-12",11.2218487496164
"HACD2","Type 2 diabetes"," 6e-12",11.2218487496164
"GALNT3","Type 2 diabetes"," 6e-12",11.2218487496164
"RNY4P29","Type 2 diabetes"," 6e-11",10.2218487496164
"EXOC6","Type 2 diabetes"," 6e-11",10.2218487496164
"TM4SF4","Type 2 diabetes"," 6e-11",10.2218487496164
"WWTR1","Type 2 diabetes"," 6e-11",10.2218487496164
"UNC5C","Type 2 diabetes"," 6e-11",10.2218487496164
"RN7SL40P","Type 2 diabetes"," 6e-11",10.2218487496164
"BMPR2","Type 2 diabetes"," 6e-11",10.2218487496164
"GRID1","Type 2 diabetes"," 6e-11",10.2218487496164
"OR5B17","Type 2 diabetes"," 6e-11",10.2218487496164
"OR5B1P","Type 2 diabetes"," 6e-11",10.2218487496164
"ODAPH","Type 2 diabetes"," 6e-11",10.2218487496164
"ERLIN1","Type 2 diabetes"," 6e-11",10.2218487496164
"SBF2","Type 2 diabetes"," 6e-11",10.2218487496164
"RPS17P5","Type 2 diabetes"," 6e-11",10.2218487496164
"ANPEP","Type 2 diabetes"," 6e-11",10.2218487496164
"AP3S2","Type 2 diabetes"," 6e-11",10.2218487496164
"SLC36A4","Type 2 diabetes"," 6e-10",9.22184874961636
"DEUP1","Type 2 diabetes"," 6e-10",9.22184874961636
"IMP3","Type 2 diabetes"," 6e-10",9.22184874961636
"LINC02603","Type 2 diabetes"," 6e-10",9.22184874961636
"JPH1","Type 2 diabetes"," 6e-10",9.22184874961636
"ZNF487","Type 2 diabetes"," 6e-10",9.22184874961636
"ZNF239","Type 2 diabetes"," 6e-10",9.22184874961636
"PKHD1","Type 2 diabetes"," 6e-10",9.22184874961636
"TEX41","Type 2 diabetes"," 6e-10",9.22184874961636
"FOCAD","Type 2 diabetes"," 6e-10",9.22184874961636
"KCNS3","Type 2 diabetes"," 6e-10",9.22184874961636
"RDH14","Type 2 diabetes"," 6e-10",9.22184874961636
"MTCO1P17","Type 2 diabetes"," 6e-10",9.22184874961636
"PINX1","Type 2 diabetes"," 6e-10",9.22184874961636
"SLC9B2","Type 2 diabetes"," 6e-10",9.22184874961636
"MTAP","Type 2 diabetes"," 6e-09",8.22184874961636
"UQCR10","Type 2 diabetes"," 6e-09",8.22184874961636
"ASCC2","Type 2 diabetes"," 6e-09",8.22184874961636
"ZNRD2","Type 2 diabetes"," 6e-09",8.22184874961636
"CHMP4B","Type 2 diabetes"," 6e-09",8.22184874961636
"PKD1L3","Type 2 diabetes"," 6e-09",8.22184874961636
"ERBB4","Type 2 diabetes"," 6e-09",8.22184874961636
"SYNDIG1L","Type 2 diabetes"," 6e-09",8.22184874961636
"ADAMTSL3","Type 2 diabetes"," 6e-09",8.22184874961636
"KIF3C","Type 2 diabetes"," 6e-09",8.22184874961636
"RPL35P2","Type 2 diabetes"," 6e-09",8.22184874961636
"NUDT3","Type 2 diabetes"," 6e-09",8.22184874961636
"MYO19","Type 2 diabetes"," 6e-09",8.22184874961636
"NLGN1","Type 2 diabetes"," 6e-09",8.22184874961636
"RPL7P19","Type 2 diabetes"," 6e-09",8.22184874961636
"ETF1","Type 2 diabetes"," 6e-09",8.22184874961636
"MDGA2","Type 2 diabetes"," 6e-09",8.22184874961636
"AP1B1","Type 2 diabetes"," 6e-09",8.22184874961636
"RFPL4AP6","Type 2 diabetes"," 6e-09",8.22184874961636
"VPS33B","Type 2 diabetes"," 6e-09",8.22184874961636
"LINC01499","Type 2 diabetes"," 6e-08",7.22184874961636
"LINC02745","Type 2 diabetes"," 6e-08",7.22184874961636
"MINDY1","Type 2 diabetes"," 6e-08",7.22184874961636
"MCC","Type 2 diabetes"," 6e-07",6.22184874961636
"SLCO4C1","Type 2 diabetes"," 6e-07",6.22184874961636
"SBNO1","Type 2 diabetes"," 6e-07",6.22184874961636
"ADARB1","Type 2 diabetes"," 6e-07",6.22184874961636
"MYH10","Type 2 diabetes"," 6e-07",6.22184874961636
"CCDC42","Type 2 diabetes"," 6e-07",6.22184874961636
"LINC01548","Type 2 diabetes"," 6e-07",6.22184874961636
"IFNAR2","Type 2 diabetes"," 6e-07",6.22184874961636
"C16orf74","Type 2 diabetes"," 6e-07",6.22184874961636
"F3","Type 2 diabetes"," 6e-06",5.22184874961636
"SLC44A3","Type 2 diabetes"," 6e-06",5.22184874961636
"LINC01918","Type 2 diabetes"," 6e-06",5.22184874961636
"GPR45","Type 2 diabetes"," 6e-06",5.22184874961636
"LINC00624","Type 2 diabetes"," 6e-06",5.22184874961636
"BCL9","Type 2 diabetes"," 6e-06",5.22184874961636
"DGKG","Type 2 diabetes"," 6e-06",5.22184874961636
"ITGA2","Type 2 diabetes"," 6e-06",5.22184874961636
"FLI1","Type 2 diabetes"," 6e-06",5.22184874961636
"PTPRS","Type 2 diabetes"," 6e-06",5.22184874961636
"AGMO","Type 2 diabetes"," 6e-06",5.22184874961636
"PMP2","Type 2 diabetes"," 6e-06",5.22184874961636
"MTNR1B","Type 2 diabetes"," 5e-68",67.301029995664
"HMG20A","Type 2 diabetes"," 5e-65",64.301029995664
"LINGO1","Type 2 diabetes"," 5e-65",64.301029995664
"MIR4686","Type 2 diabetes"," 5e-57",56.301029995664
"ASCL2","Type 2 diabetes"," 5e-57",56.301029995664
"ZMIZ1","Type 2 diabetes"," 5e-54",53.301029995664
"ABCC8","Type 2 diabetes"," 5e-52",51.301029995664
"PROX1","Type 2 diabetes"," 5e-48",47.301029995664
"RN7SKP15","Type 2 diabetes"," 5e-30",29.301029995664
"PTHLH","Type 2 diabetes"," 5e-30",29.301029995664
"ARL15","Type 2 diabetes"," 5e-30",29.301029995664
"ZZEF1","Type 2 diabetes"," 5e-30",29.301029995664
"RNU7","Type 2 diabetes"," 5e-28",27.301029995664
"165P","Type 2 diabetes"," 5e-28",27.301029995664
"MC4R","Type 2 diabetes"," 5e-27",26.301029995664
"NRXN3","Type 2 diabetes"," 5e-27",26.301029995664
"TM6SF2","Type 2 diabetes"," 5e-25",24.301029995664
"ANKDD1B","Type 2 diabetes"," 5e-25",24.301029995664
"PRDM15","Type 2 diabetes"," 5e-24",23.301029995664
"LHX2","Type 2 diabetes"," 5e-23",22.301029995664
"RPL3P8","Type 2 diabetes"," 5e-22",21.301029995664
"IMMP2L","Type 2 diabetes"," 5e-22",21.301029995664
"CACNA2D3","Type 2 diabetes"," 5e-22",21.301029995664
"CLIC5","Type 2 diabetes"," 5e-21",20.301029995664
"MLNR","Type 2 diabetes"," 5e-21",20.301029995664
"CDADC1","Type 2 diabetes"," 5e-21",20.301029995664
"RN7SKP36","Type 2 diabetes"," 5e-20",19.301029995664
"SORCS2","Type 2 diabetes"," 5e-20",19.301029995664
"NCALD","Type 2 diabetes"," 5e-19",18.301029995664
"ARHGAP42","Type 2 diabetes"," 5e-19",18.301029995664
"RPL6P25","Type 2 diabetes"," 5e-19",18.301029995664
"SLC6A15","Type 2 diabetes"," 5e-19",18.301029995664
"MVK","Type 2 diabetes"," 5e-19",18.301029995664
"RN7SKP250","Type 2 diabetes"," 5e-19",18.301029995664
"LINC01426","Type 2 diabetes"," 5e-19",18.301029995664
"ZNF429","Type 2 diabetes"," 5e-18",17.301029995664
"MTDHP3","Type 2 diabetes"," 5e-18",17.301029995664
"TCF7L2","Type 2 diabetes"," 5e-18",17.301029995664
"LINC01524","Type 2 diabetes"," 5e-18",17.301029995664
"SNRPGP16","Type 2 diabetes"," 5e-17",16.301029995664
"GP2","Type 2 diabetes"," 5e-17",16.301029995664
"RPL19P16","Type 2 diabetes"," 5e-17",16.301029995664
"LINC01153","Type 2 diabetes"," 5e-17",16.301029995664
"PPARG","Type 2 diabetes"," 5e-16",15.301029995664
"TSEN2","Type 2 diabetes"," 5e-16",15.301029995664
"ZNF385D","Type 2 diabetes"," 5e-16",15.301029995664
"INAFM2","Type 2 diabetes"," 5e-16",15.301029995664
"RGS17","Type 2 diabetes"," 5e-16",15.301029995664
"567P","Type 2 diabetes"," 5e-15",14.301029995664
"ARHGAP19","Type 2 diabetes"," 5e-15",14.301029995664
"Metazoa_SRP","Type 2 diabetes"," 5e-15",14.301029995664
"PIEZO1P2","Type 2 diabetes"," 5e-14",13.301029995664
"MIR296","Type 2 diabetes"," 5e-14",13.301029995664
"RBM20","Type 2 diabetes"," 5e-14",13.301029995664
"TFRC","Type 2 diabetes"," 5e-14",13.301029995664
"LINC00885","Type 2 diabetes"," 5e-14",13.301029995664
"HIVEP2","Type 2 diabetes"," 5e-14",13.301029995664
"OR10AD1","Type 2 diabetes"," 5e-14",13.301029995664
"H1","Type 2 diabetes"," 5e-14",13.301029995664
"7","Type 2 diabetes"," 5e-14",13.301029995664
"LINC00824","Type 2 diabetes"," 5e-13",12.301029995664
"MIR924HG","Type 2 diabetes"," 5e-13",12.301029995664
"SLC22A18AS","Type 2 diabetes"," 5e-12",11.301029995664
"GRIPAP1","Type 2 diabetes"," 5e-12",11.301029995664
"LRMDA","Type 2 diabetes"," 5e-12",11.301029995664
"RNA5SP230","Type 2 diabetes"," 5e-12",11.301029995664
"MYL7","Type 2 diabetes"," 5e-12",11.301029995664
"CPA1","Type 2 diabetes"," 5e-12",11.301029995664
"RPS6P12","Type 2 diabetes"," 5e-12",11.301029995664
"LINC00968","Type 2 diabetes"," 5e-12",11.301029995664
"RPL37P6","Type 2 diabetes"," 5e-12",11.301029995664
"B3GAT3P1","Type 2 diabetes"," 5e-12",11.301029995664
"MYO5C","Type 2 diabetes"," 5e-12",11.301029995664
"MYO5A","Type 2 diabetes"," 5e-12",11.301029995664
"ONECUT1","Type 2 diabetes"," 5e-12",11.301029995664
"RPSAP55","Type 2 diabetes"," 5e-12",11.301029995664
"GCC1","Type 2 diabetes"," 5e-11",10.301029995664
"NUS1","Type 2 diabetes"," 5e-11",10.301029995664
"NUP133","Type 2 diabetes"," 5e-11",10.301029995664
"LINC00370","Type 2 diabetes"," 5e-11",10.301029995664
"EHHADH","Type 2 diabetes"," 5e-11",10.301029995664
"LMF1","Type 2 diabetes"," 5e-11",10.301029995664
"LINC01829","Type 2 diabetes"," 5e-11",10.301029995664
"LRRC74A","Type 2 diabetes"," 5e-11",10.301029995664
"NHSL1","Type 2 diabetes"," 5e-11",10.301029995664
"SLC39A11","Type 2 diabetes"," 5e-11",10.301029995664
"NSD1","Type 2 diabetes"," 5e-11",10.301029995664
"CASR","Type 2 diabetes"," 5e-11",10.301029995664
"SEPHS1P2","Type 2 diabetes"," 5e-11",10.301029995664
"TWF1P1","Type 2 diabetes"," 5e-11",10.301029995664
"CRYBA1","Type 2 diabetes"," 5e-11",10.301029995664
"CBX1","Type 2 diabetes"," 5e-11",10.301029995664
"BRD3OS","Type 2 diabetes"," 5e-11",10.301029995664
"ANKRD28","Type 2 diabetes"," 5e-11",10.301029995664
"BTD","Type 2 diabetes"," 5e-11",10.301029995664
"MTCYBP14","Type 2 diabetes"," 5e-10",9.30102999566398
"MTND6P14","Type 2 diabetes"," 5e-10",9.30102999566398
"CASC11","Type 2 diabetes"," 5e-10",9.30102999566398
"SCTR","Type 2 diabetes"," 5e-10",9.30102999566398
"BCAM","Type 2 diabetes"," 5e-10",9.30102999566398
"LINC01878","Type 2 diabetes"," 5e-10",9.30102999566398
"PCED1CP","Type 2 diabetes"," 5e-10",9.30102999566398
"ARVCF","Type 2 diabetes"," 5e-10",9.30102999566398
"CKMT1B","Type 2 diabetes"," 5e-10",9.30102999566398
"STRC","Type 2 diabetes"," 5e-10",9.30102999566398
"ATP8B2","Type 2 diabetes"," 5e-10",9.30102999566398
"RPSAP17","Type 2 diabetes"," 5e-10",9.30102999566398
"TPCN2","Type 2 diabetes"," 5e-10",9.30102999566398
"BDNF","Type 2 diabetes"," 5e-10",9.30102999566398
"MTND2P8","Type 2 diabetes"," 5e-10",9.30102999566398
"PLA2G6","Type 2 diabetes"," 5e-10",9.30102999566398
"ZEB2","Type 2 diabetes"," 5e-10",9.30102999566398
"CELF1","Type 2 diabetes"," 5e-09",8.30102999566398
"OR7H2P","Type 2 diabetes"," 5e-09",8.30102999566398
"ARHGAP39","Type 2 diabetes"," 5e-09",8.30102999566398
"ASS1P14","Type 2 diabetes"," 5e-09",8.30102999566398
"SYT10","Type 2 diabetes"," 5e-09",8.30102999566398
"ZNF281","Type 2 diabetes"," 5e-09",8.30102999566398
"KIF14","Type 2 diabetes"," 5e-09",8.30102999566398
"OR5D18","Type 2 diabetes"," 5e-09",8.30102999566398
"OR5L2","Type 2 diabetes"," 5e-09",8.30102999566398
"GRB10","Type 2 diabetes"," 5e-09",8.30102999566398
"SPIN2A","Type 2 diabetes"," 5e-09",8.30102999566398
"PPP1R11P2","Type 2 diabetes"," 5e-09",8.30102999566398
"PCSK1N","Type 2 diabetes"," 5e-09",8.30102999566398
"PQBP1","Type 2 diabetes"," 5e-09",8.30102999566398
"EPC2","Type 2 diabetes"," 5e-09",8.30102999566398
"AOAH","Type 2 diabetes"," 5e-09",8.30102999566398
"MED27","Type 2 diabetes"," 5e-09",8.30102999566398
"KDF1","Type 2 diabetes"," 5e-09",8.30102999566398
"TRPV5","Type 2 diabetes"," 5e-09",8.30102999566398
"BAK1","Type 2 diabetes"," 5e-09",8.30102999566398
"XYLT1","Type 2 diabetes"," 5e-09",8.30102999566398
"PCDH17","Type 2 diabetes"," 5e-08",7.30102999566398
"RNA5SP30","Type 2 diabetes"," 5e-08",7.30102999566398
"MAP3K1","Type 2 diabetes"," 5e-08",7.30102999566398
"SETD9","Type 2 diabetes"," 5e-08",7.30102999566398
"66P","Type 2 diabetes"," 5e-08",7.30102999566398
"IGF2BP3","Type 2 diabetes"," 5e-08",7.30102999566398
"RPS2P32","Type 2 diabetes"," 5e-08",7.30102999566398
"TYRL","Type 2 diabetes"," 5e-08",7.30102999566398
"GRM5P1","Type 2 diabetes"," 5e-08",7.30102999566398
"OPCML","Type 2 diabetes"," 5e-08",7.30102999566398
"LINC02743","Type 2 diabetes"," 5e-08",7.30102999566398
"MLYCD","Type 2 diabetes"," 5e-08",7.30102999566398
"OSGIN1","Type 2 diabetes"," 5e-08",7.30102999566398
"SUPT3H","Type 2 diabetes"," 5e-08",7.30102999566398
"NELL1","Type 2 diabetes"," 5e-08",7.30102999566398
"ACP6","Type 2 diabetes"," 5e-08",7.30102999566398
"OARD1","Type 2 diabetes"," 5e-08",7.30102999566398
"SPOCK2","Type 2 diabetes"," 5e-08",7.30102999566398
"ZNF746","Type 2 diabetes"," 5e-08",7.30102999566398
"ZNF767P","Type 2 diabetes"," 5e-08",7.30102999566398
"CUL1","Type 2 diabetes"," 5e-08",7.30102999566398
"C6orf89","Type 2 diabetes"," 5e-08",7.30102999566398
"PI16","Type 2 diabetes"," 5e-08",7.30102999566398
"UBE2O","Type 2 diabetes"," 5e-08",7.30102999566398
"PNKD","Type 2 diabetes"," 5e-08",7.30102999566398
"MGAT1","Type 2 diabetes"," 5e-08",7.30102999566398
"PLCB3","Type 2 diabetes"," 5e-08",7.30102999566398
"GP1BA","Type 2 diabetes"," 5e-08",7.30102999566398
"SLC25A11","Type 2 diabetes"," 5e-08",7.30102999566398
"LINC01102","Type 2 diabetes"," 5e-08",7.30102999566398
"CFAP69","Type 2 diabetes"," 5e-08",7.30102999566398
"FAM86B3P","Type 2 diabetes"," 5e-08",7.30102999566398
"PRAG1","Type 2 diabetes"," 5e-08",7.30102999566398
"OSBPL7","Type 2 diabetes"," 5e-08",7.30102999566398
"YTHDC2","Type 2 diabetes"," 5e-08",7.30102999566398
"MTATP6P23","Type 2 diabetes"," 5e-07",6.30102999566398
"LINC02615","Type 2 diabetes"," 5e-07",6.30102999566398
"PKN2","Type 2 diabetes"," 5e-07",6.30102999566398
"RPS19P6","Type 2 diabetes"," 5e-07",6.30102999566398
"RPS20P25","Type 2 diabetes"," 5e-07",6.30102999566398
"MAGEC3","Type 2 diabetes"," 5e-07",6.30102999566398
"LINC02506","Type 2 diabetes"," 5e-07",6.30102999566398
"LINC02353","Type 2 diabetes"," 5e-07",6.30102999566398
"TOMM22P6","Type 2 diabetes"," 5e-07",6.30102999566398
"SYK","Type 2 diabetes"," 5e-06",5.30102999566398
"ACHE","Type 2 diabetes"," 5e-06",5.30102999566398
"TCERG1L","Type 2 diabetes"," 5e-06",5.30102999566398
"DAAM1","Type 2 diabetes"," 5e-06",5.30102999566398
"RPS27AP11","Type 2 diabetes"," 5e-06",5.30102999566398
"LINC02541","Type 2 diabetes"," 5e-06",5.30102999566398
"RN7SKP188","Type 2 diabetes"," 5e-06",5.30102999566398
"EHF","Type 2 diabetes"," 5e-06",5.30102999566398
"EHD4","Type 2 diabetes"," 5e-06",5.30102999566398
"ESRP1","Type 2 diabetes"," 5e-06",5.30102999566398
"MIR4432HG","Type 2 diabetes"," 5e-06",5.30102999566398
"MIR466","Type 2 diabetes"," 5e-06",5.30102999566398
"MYPOP","Type 2 diabetes"," 5e-06",5.30102999566398
"NANOS2","Type 2 diabetes"," 5e-06",5.30102999566398
"OR7A3P","Type 2 diabetes"," 5e-06",5.30102999566398
"OR7A11P","Type 2 diabetes"," 5e-06",5.30102999566398
"EIF4E3","Type 2 diabetes"," 5e-06",5.30102999566398
"FYB2","Type 2 diabetes"," 5e-06",5.30102999566398
"ST18","Type 2 diabetes"," 5e-06",5.30102999566398
"RPL12P23","Type 2 diabetes"," 5e-06",5.30102999566398
"DLG2","Type 2 diabetes"," 5e-06",5.30102999566398
"SALL4P5","Type 2 diabetes"," 5e-06",5.30102999566398
"RPL24P7","Type 2 diabetes"," 5e-06",5.30102999566398
"THADA","Type 2 diabetes"," 4e-60",59.397940008672
"GRB14","Type 2 diabetes"," 4e-54",53.397940008672
"RPSAP52","Type 2 diabetes"," 4e-47",46.397940008672
"PAM","Type 2 diabetes"," 4e-45",44.397940008672
"RN7SL836P","Type 2 diabetes"," 4e-41",40.397940008672
"SINHCAF","Type 2 diabetes"," 4e-32",31.397940008672
"APOE","Type 2 diabetes"," 4e-28",27.397940008672
"AUTS2","Type 2 diabetes"," 4e-25",24.397940008672
"IRX1","Type 2 diabetes"," 4e-24",23.397940008672
"LINC02063","Type 2 diabetes"," 4e-24",23.397940008672
"ZCCHC12","Type 2 diabetes"," 4e-24",23.397940008672
"AGA","Type 2 diabetes"," 4e-22",21.397940008672
"LINC01098","Type 2 diabetes"," 4e-22",21.397940008672
"PRDM14","Type 2 diabetes"," 4e-22",21.397940008672
"LCLAT1","Type 2 diabetes"," 4e-22",21.397940008672
"CAPN13","Type 2 diabetes"," 4e-22",21.397940008672
"HSD17B12","Type 2 diabetes"," 4e-22",21.397940008672
"PTPRM","Type 2 diabetes"," 4e-22",21.397940008672
"NHEG1","Type 2 diabetes"," 4e-22",21.397940008672
"SCRT1","Type 2 diabetes"," 4e-22",21.397940008672
"MBOAT1","Type 2 diabetes"," 4e-21",20.397940008672
"DHRS2","Type 2 diabetes"," 4e-21",20.397940008672
"BRD7P1","Type 2 diabetes"," 4e-21",20.397940008672
"LINGO2","Type 2 diabetes"," 4e-21",20.397940008672
"PNPLA3","Type 2 diabetes"," 4e-21",20.397940008672
"ARPIN","Type 2 diabetes"," 4e-20",19.397940008672
"METTL2B","Type 2 diabetes"," 4e-20",19.397940008672
"177P","Type 2 diabetes"," 4e-20",19.397940008672
"CSGALNACT1","Type 2 diabetes"," 4e-20",19.397940008672
"INTS10","Type 2 diabetes"," 4e-20",19.397940008672
"LINC02694","Type 2 diabetes"," 4e-20",19.397940008672
"LTBP3","Type 2 diabetes"," 4e-20",19.397940008672
"HSF1","Type 2 diabetes"," 4e-20",19.397940008672
"TCF4","Type 2 diabetes"," 4e-20",19.397940008672
"DLGAP1","Type 2 diabetes"," 4e-19",18.397940008672
"IFITM3","Type 2 diabetes"," 4e-18",17.397940008672
"B4GALNT4","Type 2 diabetes"," 4e-18",17.397940008672
"DGKD","Type 2 diabetes"," 4e-18",17.397940008672
"KCNK16","Type 2 diabetes"," 4e-17",16.397940008672
"MSRA","Type 2 diabetes"," 4e-17",16.397940008672
"SCYL1","Type 2 diabetes"," 4e-17",16.397940008672
"MOB1B","Type 2 diabetes"," 4e-16",15.397940008672
"RN7SKP114","Type 2 diabetes"," 4e-15",14.397940008672
"DCAF12","Type 2 diabetes"," 4e-15",14.397940008672
"HAUS6","Type 2 diabetes"," 4e-15",14.397940008672
"LIF","Type 2 diabetes"," 4e-14",13.397940008672
"LEP","Type 2 diabetes"," 4e-14",13.397940008672
"BNIPL","Type 2 diabetes"," 4e-14",13.397940008672
"C20orf181","Type 2 diabetes"," 4e-13",12.397940008672
"157P","Type 2 diabetes"," 4e-13",12.397940008672
"MIR3147","Type 2 diabetes"," 4e-13",12.397940008672
"LINC00461","Type 2 diabetes"," 4e-13",12.397940008672
"CEP120","Type 2 diabetes"," 4e-13",12.397940008672
"FBXW7","Type 2 diabetes"," 4e-13",12.397940008672
"PML","Type 2 diabetes"," 4e-13",12.397940008672
"MIRLET7A1HG","Type 2 diabetes"," 4e-13",12.397940008672
"VPS25P1","Type 2 diabetes"," 4e-13",12.397940008672
"LINC01865","Type 2 diabetes"," 4e-12",11.397940008672
"LINC01874","Type 2 diabetes"," 4e-12",11.397940008672
"891P","Type 2 diabetes"," 4e-12",11.397940008672
"WDR11","Type 2 diabetes"," 4e-12",11.397940008672
"IPP","Type 2 diabetes"," 4e-12",11.397940008672
"MAST2","Type 2 diabetes"," 4e-12",11.397940008672
"IFT52","Type 2 diabetes"," 4e-12",11.397940008672
"ZNF799","Type 2 diabetes"," 4e-12",11.397940008672
"SMARCAD1","Type 2 diabetes"," 4e-11",10.397940008672
"DDX52","Type 2 diabetes"," 4e-11",10.397940008672
"CDKN1B","Type 2 diabetes"," 4e-11",10.397940008672
"PARP11","Type 2 diabetes"," 4e-11",10.397940008672
"PABPC4","Type 2 diabetes"," 4e-11",10.397940008672
"PLXND1","Type 2 diabetes"," 4e-11",10.397940008672
"SRGAP2","Type 2 diabetes"," 4e-11",10.397940008672
"LINC00910","Type 2 diabetes"," 4e-11",10.397940008672
"ACTN1","Type 2 diabetes"," 4e-11",10.397940008672
"LINC01214","Type 2 diabetes"," 4e-11",10.397940008672
"TSC22D2","Type 2 diabetes"," 4e-11",10.397940008672
"CD81","Type 2 diabetes"," 4e-10",9.39794000867204
"KCNH7","Type 2 diabetes"," 4e-10",9.39794000867204
"PXK","Type 2 diabetes"," 4e-10",9.39794000867204
"EMSY","Type 2 diabetes"," 4e-10",9.39794000867204
"LDHB","Type 2 diabetes"," 4e-10",9.39794000867204
"KLHDC4","Type 2 diabetes"," 4e-10",9.39794000867204
"SLC7A5","Type 2 diabetes"," 4e-10",9.39794000867204
"PCBD1","Type 2 diabetes"," 4e-10",9.39794000867204
"LINC02622","Type 2 diabetes"," 4e-10",9.39794000867204
"GMEB1","Type 2 diabetes"," 4e-10",9.39794000867204
"MAPK8IP1","Type 2 diabetes"," 4e-09",8.39794000867204
"SFI1","Type 2 diabetes"," 4e-09",8.39794000867204
"WDR7","Type 2 diabetes"," 4e-09",8.39794000867204
"RN7SKP167","Type 2 diabetes"," 4e-09",8.39794000867204
"RPL26P30","Type 2 diabetes"," 4e-09",8.39794000867204
"GACAT3","Type 2 diabetes"," 4e-09",8.39794000867204
"CYRIA","Type 2 diabetes"," 4e-09",8.39794000867204
"ATXN10","Type 2 diabetes"," 4e-09",8.39794000867204
"WNT7B","Type 2 diabetes"," 4e-09",8.39794000867204
"FXYD2","Type 2 diabetes"," 4e-09",8.39794000867204
"FXYD6","Type 2 diabetes"," 4e-09",8.39794000867204
"RBMS3","Type 2 diabetes"," 4e-09",8.39794000867204
"NOS1","Type 2 diabetes"," 4e-09",8.39794000867204
"TOM1","Type 2 diabetes"," 4e-09",8.39794000867204
"LINC02523","Type 2 diabetes"," 4e-09",8.39794000867204
"HEY2","Type 2 diabetes"," 4e-09",8.39794000867204
"GUCY1B1","Type 2 diabetes"," 4e-09",8.39794000867204
"SUGCT","Type 2 diabetes"," 4e-09",8.39794000867204
"FAAH2","Type 2 diabetes"," 4e-09",8.39794000867204
"ZXDB","Type 2 diabetes"," 4e-09",8.39794000867204
"ROBO2","Type 2 diabetes"," 4e-09",8.39794000867204
"LAMC1","Type 2 diabetes"," 4e-09",8.39794000867204
"SHROOM3","Type 2 diabetes"," 4e-09",8.39794000867204
"STX12","Type 2 diabetes"," 4e-09",8.39794000867204
"LINC01239","Type 2 diabetes"," 4e-09",8.39794000867204
"SUMO2P2","Type 2 diabetes"," 4e-09",8.39794000867204
"YKT6","Type 2 diabetes"," 4e-09",8.39794000867204
"VPS26A","Type 2 diabetes"," 4e-08",7.39794000867204
"FAM184B","Type 2 diabetes"," 4e-08",7.39794000867204
"DCAF16","Type 2 diabetes"," 4e-08",7.39794000867204
"RNU1","Type 2 diabetes"," 4e-08",7.39794000867204
"89P","Type 2 diabetes"," 4e-08",7.39794000867204
"TERF1P3","Type 2 diabetes"," 4e-08",7.39794000867204
"RNF135","Type 2 diabetes"," 4e-08",7.39794000867204
"MIR4733HG","Type 2 diabetes"," 4e-08",7.39794000867204
"LINC02580","Type 2 diabetes"," 4e-08",7.39794000867204
"ZFP36L2","Type 2 diabetes"," 4e-08",7.39794000867204
"CAMKK2","Type 2 diabetes"," 4e-08",7.39794000867204
"KCNK7","Type 2 diabetes"," 4e-08",7.39794000867204
"MAP3K11","Type 2 diabetes"," 4e-08",7.39794000867204
"SUMO2P17","Type 2 diabetes"," 4e-08",7.39794000867204
"TNS1","Type 2 diabetes"," 4e-08",7.39794000867204
"ERO1B","Type 2 diabetes"," 4e-08",7.39794000867204
"GPR137B","Type 2 diabetes"," 4e-08",7.39794000867204
"SEMA3F","Type 2 diabetes"," 4e-08",7.39794000867204
"FILIP1","Type 2 diabetes"," 4e-08",7.39794000867204
"GAB2","Type 2 diabetes"," 4e-08",7.39794000867204
"MNX1","Type 2 diabetes"," 4e-08",7.39794000867204
"AKTIP","Type 2 diabetes"," 4e-08",7.39794000867204
"ZNF713","Type 2 diabetes"," 4e-08",7.39794000867204
"FGFR1","Type 2 diabetes"," 4e-08",7.39794000867204
"C8orf86","Type 2 diabetes"," 4e-08",7.39794000867204
"EFR3A","Type 2 diabetes"," 4e-08",7.39794000867204
"LINC01234","Type 2 diabetes"," 4e-08",7.39794000867204
"CAPZA1P4","Type 2 diabetes"," 4e-08",7.39794000867204
"XRRA1","Type 2 diabetes"," 4e-08",7.39794000867204
"ENO3","Type 2 diabetes"," 4e-08",7.39794000867204
"IL34","Type 2 diabetes"," 4e-08",7.39794000867204
"STAU2","Type 2 diabetes"," 4e-08",7.39794000867204
"EEF1B2P5","Type 2 diabetes"," 4e-08",7.39794000867204
"MAFF","Type 2 diabetes"," 4e-08",7.39794000867204
"ALDH1A2","Type 2 diabetes"," 4e-08",7.39794000867204
"RPS4XP15","Type 2 diabetes"," 4e-08",7.39794000867204
"KDM3A","Type 2 diabetes"," 4e-08",7.39794000867204
"TRHR","Type 2 diabetes"," 4e-08",7.39794000867204
"ARID4A","Type 2 diabetes"," 4e-08",7.39794000867204
"LINC02853","Type 2 diabetes"," 4e-08",7.39794000867204
"COX6CP4","Type 2 diabetes"," 4e-08",7.39794000867204
"TACO1","Type 2 diabetes"," 4e-08",7.39794000867204
"MAP3K3","Type 2 diabetes"," 4e-08",7.39794000867204
"SOCS2","Type 2 diabetes"," 4e-08",7.39794000867204
"CRADD","Type 2 diabetes"," 4e-08",7.39794000867204
"SGCD","Type 2 diabetes"," 4e-07",6.39794000867204
"PCNX2","Type 2 diabetes"," 4e-07",6.39794000867204
"FGFRL1","Type 2 diabetes"," 4e-07",6.39794000867204
"SMIM38","Type 2 diabetes"," 4e-07",6.39794000867204
"MYEOV","Type 2 diabetes"," 4e-07",6.39794000867204
"RN7SL554P","Type 2 diabetes"," 4e-07",6.39794000867204
"UBE2E2","Type 2 diabetes"," 4e-07",6.39794000867204
"MRPS5P4","Type 2 diabetes"," 4e-07",6.39794000867204
"MRM3","Type 2 diabetes"," 4e-06",5.39794000867204
"NXN","Type 2 diabetes"," 4e-06",5.39794000867204
"HUNK","Type 2 diabetes"," 4e-06",5.39794000867204
"TGFBR3","Type 2 diabetes"," 4e-06",5.39794000867204
"ROR2","Type 2 diabetes"," 4e-06",5.39794000867204
"SYMPK","Type 2 diabetes"," 4e-06",5.39794000867204
"ARNT","Type 2 diabetes"," 4e-06",5.39794000867204
"CACNA1G","Type 2 diabetes"," 4e-06",5.39794000867204
"NPM1P10","Type 2 diabetes"," 4e-06",5.39794000867204
"TAF12","Type 2 diabetes"," 4e-06",5.39794000867204
"DAOA","Type 2 diabetes"," 4e-06",5.39794000867204
"PPARA","Type 2 diabetes"," 4e-06",5.39794000867204
"RPL32P14","Type 2 diabetes"," 4e-06",5.39794000867204
"PRELID3BP3","Type 2 diabetes"," 4e-06",5.39794000867204
"MIR633","Type 2 diabetes"," 4e-06",5.39794000867204
"RCCD1","Type 2 diabetes"," 4e-06",5.39794000867204
"TRMT9B","Type 2 diabetes"," 4e-06",5.39794000867204
"JAZF1","Type 2 diabetes"," 3e-82",81.5228787452803
"TLE1","Type 2 diabetes"," 3e-55",54.5228787452803
"1035P","Type 2 diabetes"," 3e-55",54.5228787452803
"KCNJ11","Type 2 diabetes"," 3e-49",48.5228787452803
"UBE3C","Type 2 diabetes"," 3e-33",32.5228787452803
"PRC1","Type 2 diabetes"," 3e-31",30.5228787452803
"GCK","Type 2 diabetes"," 3e-29",28.5228787452803
"ST6GAL1","Type 2 diabetes"," 3e-26",25.5228787452803
"TACC3","Type 2 diabetes"," 3e-25",24.5228787452803
"FGFR3","Type 2 diabetes"," 3e-25",24.5228787452803
"IQSEC1","Type 2 diabetes"," 3e-24",23.5228787452803
"KCNQ1OT1","Type 2 diabetes"," 3e-24",23.5228787452803
"HSD17B1","Type 2 diabetes"," 3e-24",23.5228787452803
"CCDC69","Type 2 diabetes"," 3e-23",22.5228787452803
"LINC00243","Type 2 diabetes"," 3e-23",22.5228787452803
"MREGP1","Type 2 diabetes"," 3e-23",22.5228787452803
"LINC02641","Type 2 diabetes"," 3e-23",22.5228787452803
"LINC01478","Type 2 diabetes"," 3e-23",22.5228787452803
"ERG","Type 2 diabetes"," 3e-23",22.5228787452803
"ARHGEF39","Type 2 diabetes"," 3e-22",21.5228787452803
"CCDC107","Type 2 diabetes"," 3e-22",21.5228787452803
"PSAT1","Type 2 diabetes"," 3e-22",21.5228787452803
"PSMA3","Type 2 diabetes"," 3e-22",21.5228787452803
"ARMH4","Type 2 diabetes"," 3e-22",21.5228787452803
"ZNF765","Type 2 diabetes"," 3e-22",21.5228787452803
"BTNL2","Type 2 diabetes"," 3e-22",21.5228787452803
"SLC12A8","Type 2 diabetes"," 3e-22",21.5228787452803
"FARSA","Type 2 diabetes"," 3e-21",20.5228787452803
"LINC02242","Type 2 diabetes"," 3e-21",20.5228787452803
"1232P","Type 2 diabetes"," 3e-21",20.5228787452803
"DNAH2","Type 2 diabetes"," 3e-21",20.5228787452803
"SAXO1","Type 2 diabetes"," 3e-20",19.5228787452803
"NRP2","Type 2 diabetes"," 3e-20",19.5228787452803
"ABCB10","Type 2 diabetes"," 3e-20",19.5228787452803
"CMIP","Type 2 diabetes"," 3e-20",19.5228787452803
"MFSD4BP1","Type 2 diabetes"," 3e-19",18.5228787452803
"FBRSL1","Type 2 diabetes"," 3e-19",18.5228787452803
"YAP1P3","Type 2 diabetes"," 3e-18",17.5228787452803
"PRELID1P1","Type 2 diabetes"," 3e-18",17.5228787452803
"PKIG","Type 2 diabetes"," 3e-18",17.5228787452803
"HNF4A","Type 2 diabetes"," 3e-17",16.5228787452803
"CYP2F1","Type 2 diabetes"," 3e-17",16.5228787452803
"CYP2T3P","Type 2 diabetes"," 3e-17",16.5228787452803
"SLC24A3","Type 2 diabetes"," 3e-17",16.5228787452803
"SPRED2","Type 2 diabetes"," 3e-17",16.5228787452803
"DNAJB12P1","Type 2 diabetes"," 3e-17",16.5228787452803
"NAGLU","Type 2 diabetes"," 3e-16",15.5228787452803
"HSD17B1P1","Type 2 diabetes"," 3e-16",15.5228787452803
"XKR6","Type 2 diabetes"," 3e-16",15.5228787452803
"LINC00529","Type 2 diabetes"," 3e-16",15.5228787452803
"AKAP6","Type 2 diabetes"," 3e-16",15.5228787452803
"SUGP1","Type 2 diabetes"," 3e-15",14.5228787452803
"PGM1","Type 2 diabetes"," 3e-15",14.5228787452803
"DDX39AP1","Type 2 diabetes"," 3e-15",14.5228787452803
"SNORD36","Type 2 diabetes"," 3e-15",14.5228787452803
"LINC02272","Type 2 diabetes"," 3e-15",14.5228787452803
"PDGFC","Type 2 diabetes"," 3e-15",14.5228787452803
"INSR","Type 2 diabetes"," 3e-14",13.5228787452803
"KRT8P1","Type 2 diabetes"," 3e-14",13.5228787452803
"CFL1P1","Type 2 diabetes"," 3e-14",13.5228787452803
"KLLN","Type 2 diabetes"," 3e-14",13.5228787452803
"SLX4","Type 2 diabetes"," 3e-14",13.5228787452803
"PTPDC1","Type 2 diabetes"," 3e-14",13.5228787452803
"SLCO4A1","Type 2 diabetes"," 3e-14",13.5228787452803
"JMJD1C","Type 2 diabetes"," 3e-13",12.5228787452803
"MIR4435","Type 2 diabetes"," 3e-13",12.5228787452803
"2HG","Type 2 diabetes"," 3e-13",12.5228787452803
"BCL2L11","Type 2 diabetes"," 3e-13",12.5228787452803
"ZNF641","Type 2 diabetes"," 3e-13",12.5228787452803
"RAI1","Type 2 diabetes"," 3e-12",11.5228787452803
"SEC11C","Type 2 diabetes"," 3e-12",11.5228787452803
"GRP","Type 2 diabetes"," 3e-12",11.5228787452803
"TRAF3","Type 2 diabetes"," 3e-12",11.5228787452803
"PIK3R1","Type 2 diabetes"," 3e-12",11.5228787452803
"VWA8P1","Type 2 diabetes"," 3e-12",11.5228787452803
"ZFHX3","Type 2 diabetes"," 3e-12",11.5228787452803
"PPP4R3A","Type 2 diabetes"," 3e-12",11.5228787452803
"GTF2IP11","Type 2 diabetes"," 3e-12",11.5228787452803
"PHKG1P3","Type 2 diabetes"," 3e-12",11.5228787452803
"TEX15","Type 2 diabetes"," 3e-12",11.5228787452803
"PURG","Type 2 diabetes"," 3e-12",11.5228787452803
"MED23","Type 2 diabetes"," 3e-12",11.5228787452803
"CYTIP","Type 2 diabetes"," 3e-12",11.5228787452803
"BEND3","Type 2 diabetes"," 3e-12",11.5228787452803
"RPS17P11","Type 2 diabetes"," 3e-11",10.5228787452803
"HUWE1","Type 2 diabetes"," 3e-11",10.5228787452803
"RASA4DP","Type 2 diabetes"," 3e-11",10.5228787452803
"FAM185A","Type 2 diabetes"," 3e-11",10.5228787452803
"MTOR","Type 2 diabetes"," 3e-11",10.5228787452803
"CDH7","Type 2 diabetes"," 3e-11",10.5228787452803
"SHQ1","Type 2 diabetes"," 3e-11",10.5228787452803
"ZFPM2","Type 2 diabetes"," 3e-11",10.5228787452803
"ZNF10","Type 2 diabetes"," 3e-11",10.5228787452803
"GINS2","Type 2 diabetes"," 3e-11",10.5228787452803
"ABCC5","Type 2 diabetes"," 3e-11",10.5228787452803
"EEF1A1P8","Type 2 diabetes"," 3e-11",10.5228787452803
"UHRF1","Type 2 diabetes"," 3e-11",10.5228787452803
"KDM4B","Type 2 diabetes"," 3e-11",10.5228787452803
"LINC02224","Type 2 diabetes"," 3e-11",10.5228787452803
"LONRF1","Type 2 diabetes"," 3e-11",10.5228787452803
"LINC00681","Type 2 diabetes"," 3e-11",10.5228787452803
"STRBP","Type 2 diabetes"," 3e-11",10.5228787452803
"RBL2","Type 2 diabetes"," 3e-10",9.52287874528034
"EHMT2","Type 2 diabetes"," 3e-10",9.52287874528034
"NFE2L1","Type 2 diabetes"," 3e-10",9.52287874528034
"STEAP2","Type 2 diabetes"," 3e-10",9.52287874528034
"ADGRG6","Type 2 diabetes"," 3e-10",9.52287874528034
"BRAF","Type 2 diabetes"," 3e-10",9.52287874528034
"CCT4P1","Type 2 diabetes"," 3e-10",9.52287874528034
"GLI2","Type 2 diabetes"," 3e-10",9.52287874528034
"TLCD3B","Type 2 diabetes"," 3e-10",9.52287874528034
"PLEKHM2","Type 2 diabetes"," 3e-10",9.52287874528034
"ETV1","Type 2 diabetes"," 3e-10",9.52287874528034
"PDE3A","Type 2 diabetes"," 3e-10",9.52287874528034
"MDM4","Type 2 diabetes"," 3e-10",9.52287874528034
"SORBS2","Type 2 diabetes"," 3e-10",9.52287874528034
"SV2A","Type 2 diabetes"," 3e-10",9.52287874528034
"SF3B4","Type 2 diabetes"," 3e-10",9.52287874528034
"GBA2","Type 2 diabetes"," 3e-10",9.52287874528034
"ASTN2","Type 2 diabetes"," 3e-10",9.52287874528034
"LINC02828","Type 2 diabetes"," 3e-10",9.52287874528034
"CTTNBP2","Type 2 diabetes"," 3e-10",9.52287874528034
"SAMM50","Type 2 diabetes"," 3e-10",9.52287874528034
"USP3","Type 2 diabetes"," 3e-10",9.52287874528034
"SRR","Type 2 diabetes"," 3e-09",8.52287874528034
"SLC1A2","Type 2 diabetes"," 3e-09",8.52287874528034
"ZNF251","Type 2 diabetes"," 3e-09",8.52287874528034
"RNA5SP74","Type 2 diabetes"," 3e-09",8.52287874528034
"LRRN2","Type 2 diabetes"," 3e-09",8.52287874528034
"RANBP3L","Type 2 diabetes"," 3e-09",8.52287874528034
"TRIB1","Type 2 diabetes"," 3e-09",8.52287874528034
"LINC00540","Type 2 diabetes"," 3e-09",8.52287874528034
"CHD4","Type 2 diabetes"," 3e-09",8.52287874528034
"GLP2R","Type 2 diabetes"," 3e-09",8.52287874528034
"UBE2L5","Type 2 diabetes"," 3e-09",8.52287874528034
"HMGB1","Type 2 diabetes"," 3e-09",8.52287874528034
"IGF1R","Type 2 diabetes"," 3e-09",8.52287874528034
"GSAP","Type 2 diabetes"," 3e-09",8.52287874528034
"GCNT1P5","Type 2 diabetes"," 3e-09",8.52287874528034
"HEATR5B","Type 2 diabetes"," 3e-09",8.52287874528034
"BEND7","Type 2 diabetes"," 3e-09",8.52287874528034
"ZHX3","Type 2 diabetes"," 3e-09",8.52287874528034
"HOXC4","Type 2 diabetes"," 3e-09",8.52287874528034
"ZNF76","Type 2 diabetes"," 3e-09",8.52287874528034
"LIN7A","Type 2 diabetes"," 3e-09",8.52287874528034
"EML6","Type 2 diabetes"," 3e-09",8.52287874528034
"CAMK2G","Type 2 diabetes"," 3e-09",8.52287874528034
"PRDM5","Type 2 diabetes"," 3e-09",8.52287874528034
"RELN","Type 2 diabetes"," 3e-09",8.52287874528034
"MARK3","Type 2 diabetes"," 3e-09",8.52287874528034
"LINC02206","Type 2 diabetes"," 3e-09",8.52287874528034
"HMGN2P47","Type 2 diabetes"," 3e-09",8.52287874528034
"DNM3","Type 2 diabetes"," 3e-09",8.52287874528034
"PIGC","Type 2 diabetes"," 3e-09",8.52287874528034
"TTN","Type 2 diabetes"," 3e-09",8.52287874528034
"SDHAF4","Type 2 diabetes"," 3e-08",7.52287874528034
"PDE3B","Type 2 diabetes"," 3e-08",7.52287874528034
"PDHX","Type 2 diabetes"," 3e-08",7.52287874528034
"DENND2C","Type 2 diabetes"," 3e-08",7.52287874528034
"SNRPGP17","Type 2 diabetes"," 3e-08",7.52287874528034
"YPEL2","Type 2 diabetes"," 3e-08",7.52287874528034
"KCNQ3","Type 2 diabetes"," 3e-08",7.52287874528034
"CALCOCO2","Type 2 diabetes"," 3e-08",7.52287874528034
"GALNT18","Type 2 diabetes"," 3e-08",7.52287874528034
"BRAP","Type 2 diabetes"," 3e-08",7.52287874528034
"MAPT","Type 2 diabetes"," 3e-08",7.52287874528034
"ADAMTS6","Type 2 diabetes"," 3e-08",7.52287874528034
"PIK3C2B","Type 2 diabetes"," 3e-08",7.52287874528034
"KCNB2","Type 2 diabetes"," 3e-08",7.52287874528034
"ABCA1","Type 2 diabetes"," 3e-08",7.52287874528034
"HERC2","Type 2 diabetes"," 3e-08",7.52287874528034
"POLR1D","Type 2 diabetes"," 3e-08",7.52287874528034
"LINC02337","Type 2 diabetes"," 3e-08",7.52287874528034
"TCF3","Type 2 diabetes"," 3e-08",7.52287874528034
"AMFR","Type 2 diabetes"," 3e-08",7.52287874528034
"NUDT21","Type 2 diabetes"," 3e-08",7.52287874528034
"IRX3","Type 2 diabetes"," 3e-08",7.52287874528034
"LINC02140","Type 2 diabetes"," 3e-08",7.52287874528034
"FAM227B","Type 2 diabetes"," 3e-08",7.52287874528034
"HS6ST3","Type 2 diabetes"," 3e-08",7.52287874528034
"C1QTNF7","Type 2 diabetes"," 3e-08",7.52287874528034
"SLC39A8","Type 2 diabetes"," 3e-08",7.52287874528034
"PRDX5","Type 2 diabetes"," 3e-08",7.52287874528034
"CCDC88B","Type 2 diabetes"," 3e-08",7.52287874528034
"KCTD8","Type 2 diabetes"," 3e-08",7.52287874528034
"MIR5094","Type 2 diabetes"," 3e-08",7.52287874528034
"SLIT2","Type 2 diabetes"," 3e-08",7.52287874528034
"PGRMC2","Type 2 diabetes"," 3e-08",7.52287874528034
"ZNHIT3","Type 2 diabetes"," 3e-08",7.52287874528034
"AQP10","Type 2 diabetes"," 3e-08",7.52287874528034
"LINC02831","Type 2 diabetes"," 3e-08",7.52287874528034
"CCDC77","Type 2 diabetes"," 3e-08",7.52287874528034
"B4GALNT3","Type 2 diabetes"," 3e-08",7.52287874528034
"93P","Type 2 diabetes"," 3e-08",7.52287874528034
"SFTA3","Type 2 diabetes"," 3e-08",7.52287874528034
"RPS27P20","Type 2 diabetes"," 3e-07",6.52287874528034
"LINC01395","Type 2 diabetes"," 3e-07",6.52287874528034
"RMST","Type 2 diabetes"," 3e-07",6.52287874528034
"RIT2","Type 2 diabetes"," 3e-07",6.52287874528034
"SYT4","Type 2 diabetes"," 3e-07",6.52287874528034
"CAMK1D","Type 2 diabetes"," 3e-07",6.52287874528034
"BTBD9","Type 2 diabetes"," 3e-07",6.52287874528034
"CPED1","Type 2 diabetes"," 3e-07",6.52287874528034
"RTN4RL1","Type 2 diabetes"," 3e-07",6.52287874528034
"CACNA2D1","Type 2 diabetes"," 3e-07",6.52287874528034
"PALM2AKAP2","Type 2 diabetes"," 3e-06",5.52287874528034
"RNA5SP110","Type 2 diabetes"," 3e-06",5.52287874528034
"RNA5SP111","Type 2 diabetes"," 3e-06",5.52287874528034
"DCDC2C","Type 2 diabetes"," 3e-06",5.52287874528034
"ZPLD1","Type 2 diabetes"," 3e-06",5.52287874528034
"461P","Type 2 diabetes"," 3e-06",5.52287874528034
"LIMS2","Type 2 diabetes"," 3e-06",5.52287874528034
"TRA2B","Type 2 diabetes"," 3e-06",5.52287874528034
"LINC00348","Type 2 diabetes"," 3e-06",5.52287874528034
"PPIAP14","Type 2 diabetes"," 3e-06",5.52287874528034
"LINC01892","Type 2 diabetes"," 3e-06",5.52287874528034
"OASL2P","Type 2 diabetes"," 3e-06",5.52287874528034
"SNORA70","Type 2 diabetes"," 3e-06",5.52287874528034
"CHST6","Type 2 diabetes"," 3e-06",5.52287874528034
"LINC01819","Type 2 diabetes"," 3e-06",5.52287874528034
"RAB1A","Type 2 diabetes"," 3e-06",5.52287874528034
"LINC01871","Type 2 diabetes"," 3e-06",5.52287874528034
"KLHL42","Type 2 diabetes"," 3e-06",5.52287874528034
"E2F7","Type 2 diabetes"," 3e-06",5.52287874528034
"LINC01910","Type 2 diabetes"," 3e-06",5.52287874528034
"LARP7P3","Type 2 diabetes"," 3e-06",5.52287874528034
"ELFN1","Type 2 diabetes"," 3e-06",5.52287874528034
"41P","Type 2 diabetes"," 3e-06",5.52287874528034
"LRRC32","Type 2 diabetes"," 3e-06",5.52287874528034
"GUCY2EP","Type 2 diabetes"," 3e-06",5.52287874528034
"APCDD1L","Type 2 diabetes"," 3e-06",5.52287874528034
"NYAP2","Type 2 diabetes"," 2e-81",80.698970004336
"MIR5702","Type 2 diabetes"," 2e-81",80.698970004336
"RBM33","Type 2 diabetes"," 2e-71",70.698970004336
"ARAP1","Type 2 diabetes"," 2e-62",61.698970004336
"GRIP1","Type 2 diabetes"," 2e-47",46.698970004336
"RNF6","Type 2 diabetes"," 2e-37",36.698970004336
"LPP","Type 2 diabetes"," 2e-35",34.698970004336
"AS2","Type 2 diabetes"," 2e-35",34.698970004336
"TOMM22P3","Type 2 diabetes"," 2e-33",32.698970004336
"KL","Type 2 diabetes"," 2e-33",32.698970004336
"ZBED3","Type 2 diabetes"," 2e-32",31.698970004336
"TCF19","Type 2 diabetes"," 2e-32",31.698970004336
"ANKH","Type 2 diabetes"," 2e-31",30.698970004336
"SLC2A2","Type 2 diabetes"," 2e-30",29.698970004336
"PPIAP23","Type 2 diabetes"," 2e-27",26.698970004336
"MIR17HG","Type 2 diabetes"," 2e-27",26.698970004336
"BCL2","Type 2 diabetes"," 2e-27",26.698970004336
"PTGFRN","Type 2 diabetes"," 2e-26",25.698970004336
"MAML2","Type 2 diabetes"," 2e-24",23.698970004336
"LINC01875","Type 2 diabetes"," 2e-24",23.698970004336
"TMEM18","Type 2 diabetes"," 2e-24",23.698970004336
"MIP","Type 2 diabetes"," 2e-23",22.698970004336
"CA10","Type 2 diabetes"," 2e-23",22.698970004336
"RAB11B","Type 2 diabetes"," 2e-23",22.698970004336
"MARCHF2","Type 2 diabetes"," 2e-23",22.698970004336
"LINC02571","Type 2 diabetes"," 2e-23",22.698970004336
"HERC5","Type 2 diabetes"," 2e-22",21.698970004336
"EEF1B2P6","Type 2 diabetes"," 2e-22",21.698970004336
"NDUFB9P2","Type 2 diabetes"," 2e-22",21.698970004336
"LINC01090","Type 2 diabetes"," 2e-22",21.698970004336
"MITF","Type 2 diabetes"," 2e-22",21.698970004336
"CHCHD4P2","Type 2 diabetes"," 2e-22",21.698970004336
"RPL36AP35","Type 2 diabetes"," 2e-22",21.698970004336
"ADARB2","Type 2 diabetes"," 2e-22",21.698970004336
"LINC00700","Type 2 diabetes"," 2e-22",21.698970004336
"FAT3","Type 2 diabetes"," 2e-22",21.698970004336
"ITGA11","Type 2 diabetes"," 2e-22",21.698970004336
"CORO2B","Type 2 diabetes"," 2e-22",21.698970004336
"GLP1R","Type 2 diabetes"," 2e-22",21.698970004336
"PTPN9","Type 2 diabetes"," 2e-22",21.698970004336
"ZC3H11B","Type 2 diabetes"," 2e-22",21.698970004336
"NFAT5","Type 2 diabetes"," 2e-22",21.698970004336
"IL12B","Type 2 diabetes"," 2e-21",20.698970004336
"LINC01845","Type 2 diabetes"," 2e-21",20.698970004336
"OR1X5P","Type 2 diabetes"," 2e-21",20.698970004336
"SUDS3P1","Type 2 diabetes"," 2e-21",20.698970004336
"CASC15","Type 2 diabetes"," 2e-21",20.698970004336
"CCND3","Type 2 diabetes"," 2e-21",20.698970004336
"IYD","Type 2 diabetes"," 2e-21",20.698970004336
"PLEKHG1","Type 2 diabetes"," 2e-21",20.698970004336
"PBRM1","Type 2 diabetes"," 2e-21",20.698970004336
"GNPTG","Type 2 diabetes"," 2e-21",20.698970004336
"TNFRSF11A","Type 2 diabetes"," 2e-21",20.698970004336
"IGSF21","Type 2 diabetes"," 2e-21",20.698970004336
"FAM234A","Type 2 diabetes"," 2e-21",20.698970004336
"NDUFAF6","Type 2 diabetes"," 2e-21",20.698970004336
"QKI","Type 2 diabetes"," 2e-21",20.698970004336
"RN7SL366P","Type 2 diabetes"," 2e-21",20.698970004336
"LINC02098","Type 2 diabetes"," 2e-21",20.698970004336
"MAEA","Type 2 diabetes"," 2e-20",19.698970004336
"ARL14","Type 2 diabetes"," 2e-20",19.698970004336
"SNORA72","Type 2 diabetes"," 2e-20",19.698970004336
"CTNND2","Type 2 diabetes"," 2e-20",19.698970004336
"679P","Type 2 diabetes"," 2e-20",19.698970004336
"HECW1","Type 2 diabetes"," 2e-20",19.698970004336
"LINC01613","Type 2 diabetes"," 2e-20",19.698970004336
"MIR147A","Type 2 diabetes"," 2e-20",19.698970004336
"RFC5","Type 2 diabetes"," 2e-20",19.698970004336
"PLCB2","Type 2 diabetes"," 2e-20",19.698970004336
"LRRC8E","Type 2 diabetes"," 2e-20",19.698970004336
"CCDC9B","Type 2 diabetes"," 2e-20",19.698970004336
"PHGR1","Type 2 diabetes"," 2e-20",19.698970004336
"PIM3","Type 2 diabetes"," 2e-19",18.698970004336
"SPOCK1","Type 2 diabetes"," 2e-19",18.698970004336
"PCGF3","Type 2 diabetes"," 2e-19",18.698970004336
"SSPN","Type 2 diabetes"," 2e-19",18.698970004336
"ITPR2","Type 2 diabetes"," 2e-19",18.698970004336
"EBF1","Type 2 diabetes"," 2e-19",18.698970004336
"CPEB3","Type 2 diabetes"," 2e-19",18.698970004336
"CYB5B","Type 2 diabetes"," 2e-19",18.698970004336
"OTOL1","Type 2 diabetes"," 2e-18",17.698970004336
"MYOZ2","Type 2 diabetes"," 2e-18",17.698970004336
"FIG4","Type 2 diabetes"," 2e-18",17.698970004336
"GPR6","Type 2 diabetes"," 2e-18",17.698970004336
"RNA5SP272","Type 2 diabetes"," 2e-18",17.698970004336
"RPSAP74","Type 2 diabetes"," 2e-18",17.698970004336
"GBP5","Type 2 diabetes"," 2e-18",17.698970004336
"GBP6","Type 2 diabetes"," 2e-18",17.698970004336
"HDAC4","Type 2 diabetes"," 2e-18",17.698970004336
"NDUFA10","Type 2 diabetes"," 2e-18",17.698970004336
"MYCLP2","Type 2 diabetes"," 2e-17",16.698970004336
"KRT8P17","Type 2 diabetes"," 2e-17",16.698970004336
"TRIM66","Type 2 diabetes"," 2e-17",16.698970004336
"SLC22A3","Type 2 diabetes"," 2e-17",16.698970004336
"RALY","Type 2 diabetes"," 2e-17",16.698970004336
"POC5","Type 2 diabetes"," 2e-16",15.698970004336
"774P","Type 2 diabetes"," 2e-16",15.698970004336
"TMEM219","Type 2 diabetes"," 2e-16",15.698970004336
"RBM17","Type 2 diabetes"," 2e-15",14.698970004336
"PFKFB3","Type 2 diabetes"," 2e-15",14.698970004336
"CT66","Type 2 diabetes"," 2e-15",14.698970004336
"CAMK2B","Type 2 diabetes"," 2e-15",14.698970004336
"JADE2","Type 2 diabetes"," 2e-15",14.698970004336
"KCNU1","Type 2 diabetes"," 2e-15",14.698970004336
"SMARCE1P4","Type 2 diabetes"," 2e-15",14.698970004336
"ATG16L1","Type 2 diabetes"," 2e-15",14.698970004336
"RBMX2P4","Type 2 diabetes"," 2e-15",14.698970004336
"DPY19L2P4","Type 2 diabetes"," 2e-15",14.698970004336
"JMY","Type 2 diabetes"," 2e-15",14.698970004336
"DMGDH","Type 2 diabetes"," 2e-15",14.698970004336
"VEGFA","Type 2 diabetes"," 2e-15",14.698970004336
"LINC02537","Type 2 diabetes"," 2e-15",14.698970004336
"PITPNM2","Type 2 diabetes"," 2e-15",14.698970004336
"LINC02651","Type 2 diabetes"," 2e-14",13.698970004336
"RPL5P26","Type 2 diabetes"," 2e-14",13.698970004336
"MIR6074","Type 2 diabetes"," 2e-14",13.698970004336
"SIX3","Type 2 diabetes"," 2e-14",13.698970004336
"KRTCAP2P1","Type 2 diabetes"," 2e-14",13.698970004336
"SREBF1","Type 2 diabetes"," 2e-14",13.698970004336
"AOC1","Type 2 diabetes"," 2e-14",13.698970004336
"RMC1","Type 2 diabetes"," 2e-14",13.698970004336
"LTK","Type 2 diabetes"," 2e-14",13.698970004336
"NAV1","Type 2 diabetes"," 2e-14",13.698970004336
"KRT18P9","Type 2 diabetes"," 2e-13",12.698970004336
"CYCSP55","Type 2 diabetes"," 2e-13",12.698970004336
"EML2","Type 2 diabetes"," 2e-13",12.698970004336
"ZNF708","Type 2 diabetes"," 2e-13",12.698970004336
"ZNF738","Type 2 diabetes"," 2e-13",12.698970004336
"TMEM106B","Type 2 diabetes"," 2e-13",12.698970004336
"MFHAS1","Type 2 diabetes"," 2e-13",12.698970004336
"ALKBH3","Type 2 diabetes"," 2e-13",12.698970004336
"PDZRN4","Type 2 diabetes"," 2e-13",12.698970004336
"351P","Type 2 diabetes"," 2e-13",12.698970004336
"TET2","Type 2 diabetes"," 2e-13",12.698970004336
"LINC01141","Type 2 diabetes"," 2e-13",12.698970004336
"LCORL","Type 2 diabetes"," 2e-13",12.698970004336
"LINC02438","Type 2 diabetes"," 2e-13",12.698970004336
"UBE2Z","Type 2 diabetes"," 2e-13",12.698970004336
"PSMC3IP","Type 2 diabetes"," 2e-12",11.698970004336
"RETREG3","Type 2 diabetes"," 2e-12",11.698970004336
"IL17REL","Type 2 diabetes"," 2e-12",11.698970004336
"TOM1L2","Type 2 diabetes"," 2e-12",11.698970004336
"RGMA","Type 2 diabetes"," 2e-12",11.698970004336
"MIR4421","Type 2 diabetes"," 2e-12",11.698970004336
"ACVR1C","Type 2 diabetes"," 2e-12",11.698970004336
"TUBG1","Type 2 diabetes"," 2e-12",11.698970004336
"ATP5MGP7","Type 2 diabetes"," 2e-12",11.698970004336
"ZNF346","Type 2 diabetes"," 2e-12",11.698970004336
"TCF12","Type 2 diabetes"," 2e-12",11.698970004336
"LINC02451","Type 2 diabetes"," 2e-12",11.698970004336
"ATP2A1","Type 2 diabetes"," 2e-12",11.698970004336
"NFATC2","Type 2 diabetes"," 2e-12",11.698970004336
"OR4C9P","Type 2 diabetes"," 2e-12",11.698970004336
"OR4R1P","Type 2 diabetes"," 2e-12",11.698970004336
"ZBTB26","Type 2 diabetes"," 2e-12",11.698970004336
"1299P","Type 2 diabetes"," 2e-12",11.698970004336
"NMI","Type 2 diabetes"," 2e-12",11.698970004336
"TNFAIP6","Type 2 diabetes"," 2e-12",11.698970004336
"MAML3","Type 2 diabetes"," 2e-12",11.698970004336
"1231P","Type 2 diabetes"," 2e-12",11.698970004336
"WBP1L","Type 2 diabetes"," 2e-12",11.698970004336
"DNAJC2","Type 2 diabetes"," 2e-12",11.698970004336
"SCD5","Type 2 diabetes"," 2e-12",11.698970004336
"DSTYK","Type 2 diabetes"," 2e-12",11.698970004336
"OTULINL","Type 2 diabetes"," 2e-11",10.698970004336
"STARD10","Type 2 diabetes"," 2e-11",10.698970004336
"LINC02725","Type 2 diabetes"," 2e-11",10.698970004336
"CERT1","Type 2 diabetes"," 2e-11",10.698970004336
"CNKSR2","Type 2 diabetes"," 2e-11",10.698970004336
"TSPAN15","Type 2 diabetes"," 2e-11",10.698970004336
"SIN3A","Type 2 diabetes"," 2e-11",10.698970004336
"LINC02356","Type 2 diabetes"," 2e-11",10.698970004336
"TBCE","Type 2 diabetes"," 2e-11",10.698970004336
"SPATA16","Type 2 diabetes"," 2e-11",10.698970004336
"TSHZ3","Type 2 diabetes"," 2e-11",10.698970004336
"DNAH7","Type 2 diabetes"," 2e-11",10.698970004336
"STK17B","Type 2 diabetes"," 2e-11",10.698970004336
"FADS2","Type 2 diabetes"," 2e-11",10.698970004336
"LINC02338","Type 2 diabetes"," 2e-11",10.698970004336
"RPL12P27","Type 2 diabetes"," 2e-11",10.698970004336
"CENPE","Type 2 diabetes"," 2e-10",9.69897000433602
"LINC02428","Type 2 diabetes"," 2e-10",9.69897000433602
"ABCB9","Type 2 diabetes"," 2e-10",9.69897000433602
"ZFAND3","Type 2 diabetes"," 2e-10",9.69897000433602
"SLC22A2","Type 2 diabetes"," 2e-10",9.69897000433602
"DLEU1","Type 2 diabetes"," 2e-10",9.69897000433602
"LINC01556","Type 2 diabetes"," 2e-10",9.69897000433602
"KRT18P1","Type 2 diabetes"," 2e-10",9.69897000433602
"CPNE4","Type 2 diabetes"," 2e-10",9.69897000433602
"RAPGEF5","Type 2 diabetes"," 2e-10",9.69897000433602
"POLK","Type 2 diabetes"," 2e-10",9.69897000433602
"HPSE2","Type 2 diabetes"," 2e-10",9.69897000433602
"POP7","Type 2 diabetes"," 2e-10",9.69897000433602
"EPO","Type 2 diabetes"," 2e-10",9.69897000433602
"HHIP","Type 2 diabetes"," 2e-10",9.69897000433602
"LINC00838","Type 2 diabetes"," 2e-10",9.69897000433602
"APIP","Type 2 diabetes"," 2e-10",9.69897000433602
"COL27A1","Type 2 diabetes"," 2e-10",9.69897000433602
"ZFPM1","Type 2 diabetes"," 2e-10",9.69897000433602
"SGIP1","Type 2 diabetes"," 2e-10",9.69897000433602
"ZFAND6","Type 2 diabetes"," 2e-09",8.69897000433602
"FAH","Type 2 diabetes"," 2e-09",8.69897000433602
"CCNQ","Type 2 diabetes"," 2e-09",8.69897000433602
"DQA1","Type 2 diabetes"," 2e-09",8.69897000433602
"RPS29P23","Type 2 diabetes"," 2e-09",8.69897000433602
"UBE2D3","Type 2 diabetes"," 2e-09",8.69897000433602
"DPYS","Type 2 diabetes"," 2e-09",8.69897000433602
"DCSTAMP","Type 2 diabetes"," 2e-09",8.69897000433602
"RPH3A","Type 2 diabetes"," 2e-09",8.69897000433602
"UBA7","Type 2 diabetes"," 2e-09",8.69897000433602
"TRAIP","Type 2 diabetes"," 2e-09",8.69897000433602
"TP53INP1","Type 2 diabetes"," 2e-09",8.69897000433602
"ASAH1","Type 2 diabetes"," 2e-09",8.69897000433602
"FOXK1","Type 2 diabetes"," 2e-09",8.69897000433602
"CCNQP1","Type 2 diabetes"," 2e-09",8.69897000433602
"LINC00862","Type 2 diabetes"," 2e-09",8.69897000433602
"MARK2P6","Type 2 diabetes"," 2e-09",8.69897000433602
"ACAD9","Type 2 diabetes"," 2e-09",8.69897000433602
"DENND1A","Type 2 diabetes"," 2e-09",8.69897000433602
"NFIB","Type 2 diabetes"," 2e-09",8.69897000433602
"MIR4776","Type 2 diabetes"," 2e-09",8.69897000433602
"IKZF2","Type 2 diabetes"," 2e-09",8.69897000433602
"LEPR","Type 2 diabetes"," 2e-09",8.69897000433602
"USP48","Type 2 diabetes"," 2e-09",8.69897000433602
"SUMO2P3","Type 2 diabetes"," 2e-09",8.69897000433602
"CICP11","Type 2 diabetes"," 2e-09",8.69897000433602
"GTF2I","Type 2 diabetes"," 2e-09",8.69897000433602
"LINC02790","Type 2 diabetes"," 2e-09",8.69897000433602
"FIBCD1","Type 2 diabetes"," 2e-09",8.69897000433602
"GYS2","Type 2 diabetes"," 2e-09",8.69897000433602
"EP400","Type 2 diabetes"," 2e-09",8.69897000433602
"UGT3A2","Type 2 diabetes"," 2e-09",8.69897000433602
"LMBRD2","Type 2 diabetes"," 2e-09",8.69897000433602
"FSD2","Type 2 diabetes"," 2e-09",8.69897000433602
"LDLRAD4","Type 2 diabetes"," 2e-09",8.69897000433602
"PCNT","Type 2 diabetes"," 2e-09",8.69897000433602
"LINC01305","Type 2 diabetes"," 2e-09",8.69897000433602
"SP9","Type 2 diabetes"," 2e-09",8.69897000433602
"SPG7","Type 2 diabetes"," 2e-09",8.69897000433602
"STAT3","Type 2 diabetes"," 2e-09",8.69897000433602
"CAVIN1","Type 2 diabetes"," 2e-09",8.69897000433602
"SACS","Type 2 diabetes"," 2e-08",7.69897000433602
"SGCG","Type 2 diabetes"," 2e-08",7.69897000433602
"PCSK6","Type 2 diabetes"," 2e-08",7.69897000433602
"SLC7A7","Type 2 diabetes"," 2e-08",7.69897000433602
"WDR72","Type 2 diabetes"," 2e-08",7.69897000433602
"CCDC47","Type 2 diabetes"," 2e-08",7.69897000433602
"PTH1R","Type 2 diabetes"," 2e-08",7.69897000433602
"RFT1","Type 2 diabetes"," 2e-08",7.69897000433602
"ANXA5","Type 2 diabetes"," 2e-08",7.69897000433602
"SMIM43","Type 2 diabetes"," 2e-08",7.69897000433602
"CPN1","Type 2 diabetes"," 2e-08",7.69897000433602
"MLX","Type 2 diabetes"," 2e-08",7.69897000433602
"TH","Type 2 diabetes"," 2e-08",7.69897000433602
"EMB","Type 2 diabetes"," 2e-08",7.69897000433602
"ERICH2","Type 2 diabetes"," 2e-08",7.69897000433602
"GAD1","Type 2 diabetes"," 2e-08",7.69897000433602
"CAMKMT","Type 2 diabetes"," 2e-08",7.69897000433602
"RBBP5","Type 2 diabetes"," 2e-08",7.69897000433602
"DNAH8","Type 2 diabetes"," 2e-08",7.69897000433602
"SNORD28B","Type 2 diabetes"," 2e-08",7.69897000433602
"H3P28","Type 2 diabetes"," 2e-08",7.69897000433602
"SOX5","Type 2 diabetes"," 2e-08",7.69897000433602
"PITPNC1","Type 2 diabetes"," 2e-08",7.69897000433602
"CYB5D2","Type 2 diabetes"," 2e-08",7.69897000433602
"ANKFY1","Type 2 diabetes"," 2e-08",7.69897000433602
"ANKRD31","Type 2 diabetes"," 2e-08",7.69897000433602
"HMGCR","Type 2 diabetes"," 2e-08",7.69897000433602
"ECT2L","Type 2 diabetes"," 2e-08",7.69897000433602
"PTF1A","Type 2 diabetes"," 2e-08",7.69897000433602
"C10orf67","Type 2 diabetes"," 2e-08",7.69897000433602
"RCOR1","Type 2 diabetes"," 2e-08",7.69897000433602
"ELP3","Type 2 diabetes"," 2e-08",7.69897000433602
"RPL5P22","Type 2 diabetes"," 2e-08",7.69897000433602
"NOL4","Type 2 diabetes"," 2e-08",7.69897000433602
"SH3D21","Type 2 diabetes"," 2e-08",7.69897000433602
"EVA1B","Type 2 diabetes"," 2e-08",7.69897000433602
"RFX3","Type 2 diabetes"," 2e-08",7.69897000433602
"H4C5","Type 2 diabetes"," 2e-08",7.69897000433602
"H2BC8","Type 2 diabetes"," 2e-08",7.69897000433602
"AZIN1","Type 2 diabetes"," 2e-08",7.69897000433602
"MPPED2","Type 2 diabetes"," 2e-08",7.69897000433602
"TRANK1","Type 2 diabetes"," 2e-08",7.69897000433602
"CSMD1","Type 2 diabetes"," 2e-08",7.69897000433602
"UNC79","Type 2 diabetes"," 2e-08",7.69897000433602
"RANBP17","Type 2 diabetes"," 2e-08",7.69897000433602
"STK35","Type 2 diabetes"," 2e-08",7.69897000433602
"VPS11","Type 2 diabetes"," 2e-08",7.69897000433602
"HMBS","Type 2 diabetes"," 2e-08",7.69897000433602
"SLC38A9","Type 2 diabetes"," 2e-08",7.69897000433602
"ZFAT","Type 2 diabetes"," 2e-08",7.69897000433602
"MIR30B","Type 2 diabetes"," 2e-08",7.69897000433602
"DSTNP5","Type 2 diabetes"," 2e-08",7.69897000433602
"PARD3B","Type 2 diabetes"," 2e-08",7.69897000433602
"CRYBA2","Type 2 diabetes"," 2e-08",7.69897000433602
"MIR375","Type 2 diabetes"," 2e-08",7.69897000433602
"ALG10B","Type 2 diabetes"," 2e-08",7.69897000433602
"KIF5A","Type 2 diabetes"," 2e-08",7.69897000433602
"FCGRT","Type 2 diabetes"," 2e-08",7.69897000433602
"LBX1","Type 2 diabetes"," 2e-08",7.69897000433602
"RNU2","Type 2 diabetes"," 2e-08",7.69897000433602
"43P","Type 2 diabetes"," 2e-08",7.69897000433602
"CNTNAP2","Type 2 diabetes"," 2e-08",7.69897000433602
"SAMMSON","Type 2 diabetes"," 2e-08",7.69897000433602
"PELO","Type 2 diabetes"," 2e-08",7.69897000433602
"LINC01979","Type 2 diabetes"," 2e-08",7.69897000433602
"LINC01978","Type 2 diabetes"," 2e-08",7.69897000433602
"FOXP1","Type 2 diabetes"," 2e-08",7.69897000433602
"CCAR2","Type 2 diabetes"," 2e-08",7.69897000433602
"ARG1","Type 2 diabetes"," 2e-08",7.69897000433602
"ZNF34","Type 2 diabetes"," 2e-08",7.69897000433602
"TEX14","Type 2 diabetes"," 2e-08",7.69897000433602
"IGBP1P2","Type 2 diabetes"," 2e-08",7.69897000433602
"NIPSNAP2","Type 2 diabetes"," 2e-08",7.69897000433602
"PSPH","Type 2 diabetes"," 2e-08",7.69897000433602
"TNIK","Type 2 diabetes"," 2e-08",7.69897000433602
"NUDT6","Type 2 diabetes"," 2e-08",7.69897000433602
"SYN2","Type 2 diabetes"," 2e-07",6.69897000433602
"GSTM5P1","Type 2 diabetes"," 2e-07",6.69897000433602
"DCD","Type 2 diabetes"," 2e-07",6.69897000433602
"VDAC1P5","Type 2 diabetes"," 2e-07",6.69897000433602
"MTHFD1L","Type 2 diabetes"," 2e-07",6.69897000433602
"300P","Type 2 diabetes"," 2e-07",6.69897000433602
"10P","Type 2 diabetes"," 2e-07",6.69897000433602
"TCP11L1","Type 2 diabetes"," 2e-07",6.69897000433602
"LINC01451","Type 2 diabetes"," 2e-07",6.69897000433602
"NTRK2","Type 2 diabetes"," 2e-07",6.69897000433602
"GALNT14","Type 2 diabetes"," 2e-07",6.69897000433602
"LINC02106","Type 2 diabetes"," 2e-07",6.69897000433602
"TCN2","Type 2 diabetes"," 2e-07",6.69897000433602
"TFDP1P3","Type 2 diabetes"," 2e-07",6.69897000433602
"TRPM1","Type 2 diabetes"," 2e-07",6.69897000433602
"LINC00385","Type 2 diabetes"," 2e-07",6.69897000433602
"KATNAL1","Type 2 diabetes"," 2e-07",6.69897000433602
"RHOU","Type 2 diabetes"," 2e-06",5.69897000433602
"TG","Type 2 diabetes"," 2e-06",5.69897000433602
"CCN4","Type 2 diabetes"," 2e-06",5.69897000433602
"RBM38","Type 2 diabetes"," 2e-06",5.69897000433602
"HMGB1P1","Type 2 diabetes"," 2e-06",5.69897000433602
"LINC02752","Type 2 diabetes"," 2e-06",5.69897000433602
"MTND5P21","Type 2 diabetes"," 2e-06",5.69897000433602
"FILNC1","Type 2 diabetes"," 2e-06",5.69897000433602
"FST","Type 2 diabetes"," 2e-06",5.69897000433602
"FAM99B","Type 2 diabetes"," 2e-06",5.69897000433602
"CTAGE16P","Type 2 diabetes"," 2e-06",5.69897000433602
"WSB2","Type 2 diabetes"," 2e-06",5.69897000433602
"LINC01415","Type 2 diabetes"," 2e-06",5.69897000433602
"LINC01416","Type 2 diabetes"," 2e-06",5.69897000433602
"PRKRIP1","Type 2 diabetes"," 2e-06",5.69897000433602
"PPIF","Type 2 diabetes"," 2e-06",5.69897000433602
"GPAT4","Type 2 diabetes"," 2e-06",5.69897000433602
"TXNDC15","Type 2 diabetes"," 2e-06",5.69897000433602
"PCBD2","Type 2 diabetes"," 2e-06",5.69897000433602
"NUFIP2","Type 2 diabetes"," 2e-06",5.69897000433602
"RPL35AP35","Type 2 diabetes"," 2e-06",5.69897000433602
"SENP2","Type 2 diabetes"," 2e-06",5.69897000433602
"MYOM2","Type 2 diabetes"," 2e-06",5.69897000433602
"TREML2","Type 2 diabetes"," 2e-06",5.69897000433602
"TREML3P","Type 2 diabetes"," 2e-06",5.69897000433602
"ADH5P4","Type 2 diabetes"," 2e-06",5.69897000433602
"EIF2S2P3","Type 2 diabetes"," 1e-71",71
"LINC01080","Type 2 diabetes"," 1e-69",69
"SPRY2","Type 2 diabetes"," 1e-69",69
"MACF1","Type 2 diabetes"," 1e-48",48
"CTRB1","Type 2 diabetes"," 1e-40",40
"RPS3AP18","Type 2 diabetes"," 1e-33",33
"TMEM154","Type 2 diabetes"," 1e-33",33
"GIN1","Type 2 diabetes"," 1e-30",30
"PRDX4P1","Type 2 diabetes"," 1e-30",30
"THAP12P9","Type 2 diabetes"," 1e-30",30
"GIP","Type 2 diabetes"," 1e-28",28
"IGF2BP1","Type 2 diabetes"," 1e-28",28
"CENPW","Type 2 diabetes"," 1e-28",28
"MIR588","Type 2 diabetes"," 1e-28",28
"FAF1","Type 2 diabetes"," 1e-28",28
"TNKS2","Type 2 diabetes"," 1e-27",27
"C1orf112","Type 2 diabetes"," 1e-23",23
"SELL","Type 2 diabetes"," 1e-23",23
"USP21P2","Type 2 diabetes"," 1e-23",23
"RN7SKP203","Type 2 diabetes"," 1e-23",23
"GSTO1","Type 2 diabetes"," 1e-23",23
"TTC8","Type 2 diabetes"," 1e-23",23
"MPPE1P1","Type 2 diabetes"," 1e-23",23
"SCAANT1","Type 2 diabetes"," 1e-23",23
"NOTCH2","Type 2 diabetes"," 1e-23",23
"GUSBP6","Type 2 diabetes"," 1e-22",22
"RP1L1","Type 2 diabetes"," 1e-22",22
"SOX7","Type 2 diabetes"," 1e-22",22
"TMTC1","Type 2 diabetes"," 1e-22",22
"DOK5","Type 2 diabetes"," 1e-22",22
"RNU4ATAC7P","Type 2 diabetes"," 1e-22",22
"DLEU7","Type 2 diabetes"," 1e-22",22
"GALNT17","Type 2 diabetes"," 1e-21",21
"KIF5C","Type 2 diabetes"," 1e-21",21
"QSOX2","Type 2 diabetes"," 1e-21",21
"PKNOX2","Type 2 diabetes"," 1e-21",21
"ADAMTS9","Type 2 diabetes"," 1e-21",21
"WSCD2","Type 2 diabetes"," 1e-21",21
"LINC02473","Type 2 diabetes"," 1e-20",20
"HNRNPA1P65","Type 2 diabetes"," 1e-20",20
"RNASEL","Type 2 diabetes"," 1e-20",20
"RGS16","Type 2 diabetes"," 1e-20",20
"RYR2","Type 2 diabetes"," 1e-20",20
"RPTOR","Type 2 diabetes"," 1e-20",20
"NUDT12","Type 2 diabetes"," 1e-20",20
"LINC02163","Type 2 diabetes"," 1e-20",20
"CRHR2","Type 2 diabetes"," 1e-20",20
"HDAC9","Type 2 diabetes"," 1e-19",19
"DDX3ILA1","Type 2 diabetes"," 1e-19",19
"MAGI2","Type 2 diabetes"," 1e-19",19
"KLHL21","Type 2 diabetes"," 1e-19",19
"TRPS1","Type 2 diabetes"," 1e-19",19
"NEPNP","Type 2 diabetes"," 1e-19",19
"ARHGAP12","Type 2 diabetes"," 1e-18",18
"RPL34P19","Type 2 diabetes"," 1e-18",18
"KLF14","Type 2 diabetes"," 1e-18",18
"H4P1","Type 2 diabetes"," 1e-18",18
"C","Type 2 diabetes"," 1e-17",17
"HCG22","Type 2 diabetes"," 1e-17",17
"ZNF664","Type 2 diabetes"," 1e-17",17
"PRELID3B","Type 2 diabetes"," 1e-16",16
"MRPS16P2","Type 2 diabetes"," 1e-16",16
"SLC9B1","Type 2 diabetes"," 1e-16",16
"LINC02495","Type 2 diabetes"," 1e-15",15
"PTPRR","Type 2 diabetes"," 1e-15",15
"PPIEL","Type 2 diabetes"," 1e-15",15
"BMP8A","Type 2 diabetes"," 1e-15",15
"SLC35F1","Type 2 diabetes"," 1e-15",15
"TET1","Type 2 diabetes"," 1e-15",15
"ACE","Type 2 diabetes"," 1e-15",15
"CYTH1","Type 2 diabetes"," 1e-15",15
"GNAS","Type 2 diabetes"," 1e-15",15
"TBC1D4","Type 2 diabetes"," 1e-14",14
"CSF1","Type 2 diabetes"," 1e-14",14
"RBM6","Type 2 diabetes"," 1e-14",14
"CDK12","Type 2 diabetes"," 1e-14",14
"NEUROD2","Type 2 diabetes"," 1e-14",14
"LINC01793","Type 2 diabetes"," 1e-14",14
"No","Type 2 diabetes"," 1e-14",14
"mapped","Type 2 diabetes"," 1e-14",14
"genes;","Type 2 diabetes"," 1e-14",14
"KCNQ1;","Type 2 diabetes"," 1e-14",14
"genes","Type 2 diabetes"," 1e-14",14
"RPAP1","Type 2 diabetes"," 1e-13",13
"BBIP1","Type 2 diabetes"," 1e-13",13
"SLC35C1","Type 2 diabetes"," 1e-13",13
"CRY2","Type 2 diabetes"," 1e-13",13
"HERC1","Type 2 diabetes"," 1e-13",13
"RPL30P9","Type 2 diabetes"," 1e-12",12
"USP36","Type 2 diabetes"," 1e-12",12
"KAZN","Type 2 diabetes"," 1e-12",12
"ARID5B","Type 2 diabetes"," 1e-12",12
"MAP2K5","Type 2 diabetes"," 1e-12",12
"LINC01625","Type 2 diabetes"," 1e-12",12
"ATP5PBP6","Type 2 diabetes"," 1e-12",12
"DTNB","Type 2 diabetes"," 1e-12",12
"RPL23AP95","Type 2 diabetes"," 1e-12",12
"DPY19L2P2","Type 2 diabetes"," 1e-12",12
"ZNF268","Type 2 diabetes"," 1e-12",12
"FITM2","Type 2 diabetes"," 1e-11",11
"R3HDML","Type 2 diabetes"," 1e-11",11
"DRB9","Type 2 diabetes"," 1e-11",11
"MRPS35","Type 2 diabetes"," 1e-11",11
"NLRC3","Type 2 diabetes"," 1e-11",11
"FAM89B","Type 2 diabetes"," 1e-11",11
"EHBP1L1","Type 2 diabetes"," 1e-11",11
"EIF5A2","Type 2 diabetes"," 1e-11",11
"KLF7P1","Type 2 diabetes"," 1e-11",11
"STK31","Type 2 diabetes"," 1e-11",11
"NEGR1","Type 2 diabetes"," 1e-11",11
"MIR3168","Type 2 diabetes"," 1e-11",11
"RN7SL597P","Type 2 diabetes"," 1e-11",11
"SETD5","Type 2 diabetes"," 1e-11",11
"RN7SL383P","Type 2 diabetes"," 1e-11",11
"MED6P1","Type 2 diabetes"," 1e-10",10
"LDLRAD2","Type 2 diabetes"," 1e-10",10
"CRELD2","Type 2 diabetes"," 1e-10",10
"HECTD4","Type 2 diabetes"," 1e-10",10
"YTHDF2","Type 2 diabetes"," 1e-10",10
"USP44","Type 2 diabetes"," 1e-10",10
"LRRC1","Type 2 diabetes"," 1e-10",10
"MLIP","Type 2 diabetes"," 1e-10",10
"LRFN2","Type 2 diabetes"," 1e-10",10
"PLEKHM3","Type 2 diabetes"," 1e-10",10
"CNTN2","Type 2 diabetes"," 1e-10",10
"SMARCC1","Type 2 diabetes"," 1e-10",10
"C3orf70","Type 2 diabetes"," 1e-10",10
"OCIAD1","Type 2 diabetes"," 1e-10",10
"OCIAD2","Type 2 diabetes"," 1e-10",10
"HTT","Type 2 diabetes"," 1e-09",9
"RN7SL644P","Type 2 diabetes"," 1e-09",9
"DRB1","Type 2 diabetes"," 1e-09",9
"MORC4","Type 2 diabetes"," 1e-09",9
"EEF1A1P40","Type 2 diabetes"," 1e-09",9
"DEPDC5","Type 2 diabetes"," 1e-09",9
"PTCH1","Type 2 diabetes"," 1e-09",9
"MYO3A","Type 2 diabetes"," 1e-09",9
"CCDC85C","Type 2 diabetes"," 1e-09",9
"HHIPL1","Type 2 diabetes"," 1e-09",9
"LINC01310","Type 2 diabetes"," 1e-09",9
"RPL35P8","Type 2 diabetes"," 1e-09",9
"CERS6","Type 2 diabetes"," 1e-09",9
"SNAPC2","Type 2 diabetes"," 1e-09",9
"9P","Type 2 diabetes"," 1e-09",9
"NYNRIN","Type 2 diabetes"," 1e-09",9
"TSHZ2","Type 2 diabetes"," 1e-09",9
"243P","Type 2 diabetes"," 1e-09",9
"CRTC1","Type 2 diabetes"," 1e-09",9
"HMGB3P15","Type 2 diabetes"," 1e-09",9
"LINC00907","Type 2 diabetes"," 1e-09",9
"MNAT1","Type 2 diabetes"," 1e-09",9
"REV3L","Type 2 diabetes"," 1e-09",9
"MFSD4B","Type 2 diabetes"," 1e-09",9
"ANO6","Type 2 diabetes"," 1e-09",9
"ARNTL","Type 2 diabetes"," 1e-09",9
"OR7K1P","Type 2 diabetes"," 1e-09",9
"LINC02306","Type 2 diabetes"," 1e-09",9
"SGCZ","Type 2 diabetes"," 1e-09",9
"SEC23IP","Type 2 diabetes"," 1e-09",9
"AOPEP","Type 2 diabetes"," 1e-09",9
"SHBG","Type 2 diabetes"," 1e-09",9
"FAM13A","Type 2 diabetes"," 1e-09",9
"SLC41A1","Type 2 diabetes"," 1e-09",9
"PM20D1","Type 2 diabetes"," 1e-09",9
"VAV2","Type 2 diabetes"," 1e-09",9
"RABEP2","Type 2 diabetes"," 1e-09",9
"UBAP2","Type 2 diabetes"," 1e-09",9
"CHUK","Type 2 diabetes"," 1e-09",9
"API5P1","Type 2 diabetes"," 1e-09",9
"AGTR2","Type 2 diabetes"," 1e-09",9
"CLUAP1","Type 2 diabetes"," 1e-08",8
"RN7SKP140","Type 2 diabetes"," 1e-08",8
"GSTM3P1","Type 2 diabetes"," 1e-08",8
"PATJ","Type 2 diabetes"," 1e-08",8
"LINC01752","Type 2 diabetes"," 1e-08",8
"MED30","Type 2 diabetes"," 1e-08",8
"YWHAH","Type 2 diabetes"," 1e-08",8
"CSPG4BP","Type 2 diabetes"," 1e-08",8
"DMD","Type 2 diabetes"," 1e-08",8
"LINC02144","Type 2 diabetes"," 1e-08",8
"CHD1","Type 2 diabetes"," 1e-08",8
"SYNC","Type 2 diabetes"," 1e-08",8
"KIAA1522","Type 2 diabetes"," 1e-08",8
"GAPDHP30","Type 2 diabetes"," 1e-08",8
"GDF6","Type 2 diabetes"," 1e-08",8
"HAT1","Type 2 diabetes"," 1e-08",8
"SLC25A12","Type 2 diabetes"," 1e-08",8
"TMEM244","Type 2 diabetes"," 1e-08",8
"L3MBTL3","Type 2 diabetes"," 1e-08",8
"CCSER1","Type 2 diabetes"," 1e-08",8
"AMZ1","Type 2 diabetes"," 1e-08",8
"ART3","Type 2 diabetes"," 1e-08",8
"WNT8A","Type 2 diabetes"," 1e-08",8
"NME5","Type 2 diabetes"," 1e-08",8
"USP49","Type 2 diabetes"," 1e-08",8
"MED20","Type 2 diabetes"," 1e-08",8
"LNC","Type 2 diabetes"," 1e-08",8
"LBCS","Type 2 diabetes"," 1e-08",8
"GLRA1","Type 2 diabetes"," 1e-08",8
"LINC01933","Type 2 diabetes"," 1e-08",8
"LHFPL3","Type 2 diabetes"," 1e-08",8
"EYA1","Type 2 diabetes"," 1e-08",8
"RN7SL786P","Type 2 diabetes"," 1e-08",8
"DGAT2","Type 2 diabetes"," 1e-08",8
"RAB3C","Type 2 diabetes"," 1e-08",8
"HSPA12A","Type 2 diabetes"," 1e-08",8
"AFF3","Type 2 diabetes"," 1e-08",8
"LINC02465","Type 2 diabetes"," 1e-08",8
"SNTB1","Type 2 diabetes"," 1e-08",8
"TSKU","Type 2 diabetes"," 1e-08",8
"SMUG1","Type 2 diabetes"," 1e-08",8
"DCAF5","Type 2 diabetes"," 1e-08",8
"C15orf54","Type 2 diabetes"," 1e-08",8
"RORA","Type 2 diabetes"," 1e-08",8
"RPS6KA1","Type 2 diabetes"," 1e-08",8
"VGLL3","Type 2 diabetes"," 1e-08",8
"HNRNPKP2","Type 2 diabetes"," 1e-08",8
"UBBP1","Type 2 diabetes"," 1e-08",8
"CFAP77","Type 2 diabetes"," 1e-08",8
"GDAP1L1","Type 2 diabetes"," 1e-07",7
"NELFCD","Type 2 diabetes"," 1e-07",7
"LARGE1","Type 2 diabetes"," 1e-07",7
"LINC01643","Type 2 diabetes"," 1e-07",7
"INTS8","Type 2 diabetes"," 1e-07",7
"TTLL6","Type 2 diabetes"," 1e-07",7
"C17orf58","Type 2 diabetes"," 1e-07",7
"SNUPN","Type 2 diabetes"," 1e-07",7
"MTND3P22","Type 2 diabetes"," 1e-07",7
"TSPAN3","Type 2 diabetes"," 1e-07",7
"MARCHF3","Type 2 diabetes"," 1e-07",7
"DQB3","Type 2 diabetes"," 1e-06",6
"OSBPL1A","Type 2 diabetes"," 1e-06",6
"SRBD1","Type 2 diabetes"," 1e-06",6
"GTF2F2","Type 2 diabetes"," 1e-06",6
"TPT1","Type 2 diabetes"," 1e-06",6
"ZNF771","Type 2 diabetes"," 1e-06",6
"GH2","Type 2 diabetes"," 1e-06",6
"CSH1","Type 2 diabetes"," 1e-06",6
"MOV10L1","Type 2 diabetes"," 1e-06",6
"PANX2","Type 2 diabetes"," 1e-06",6
"GABRA4","Type 2 diabetes"," 1e-06",6
"RGS7","Type 2 diabetes"," 1e-06",6
"LRP12","Type 2 diabetes"," 1e-06",6
"LINC02152","Type 2 diabetes"," 1e-06",6
"PALD1","Type 2 diabetes"," 1e-06",6
"LMCD1","Type 2 diabetes"," 1e-06",6
